-- MySQL dump 10.13  Distrib 8.0.23, for Win64 (x86_64)
--
-- Host: 127.0.0.1    Database: ecommerce
-- ------------------------------------------------------
-- Server version	8.0.23

/*!40101 SET @OLD_CHARACTER_SET_CLIENT=@@CHARACTER_SET_CLIENT */;
/*!40101 SET @OLD_CHARACTER_SET_RESULTS=@@CHARACTER_SET_RESULTS */;
/*!40101 SET @OLD_COLLATION_CONNECTION=@@COLLATION_CONNECTION */;
/*!50503 SET NAMES utf8 */;
/*!40103 SET @OLD_TIME_ZONE=@@TIME_ZONE */;
/*!40103 SET TIME_ZONE='+00:00' */;
/*!40014 SET @OLD_UNIQUE_CHECKS=@@UNIQUE_CHECKS, UNIQUE_CHECKS=0 */;
/*!40014 SET @OLD_FOREIGN_KEY_CHECKS=@@FOREIGN_KEY_CHECKS, FOREIGN_KEY_CHECKS=0 */;
/*!40101 SET @OLD_SQL_MODE=@@SQL_MODE, SQL_MODE='NO_AUTO_VALUE_ON_ZERO' */;
/*!40111 SET @OLD_SQL_NOTES=@@SQL_NOTES, SQL_NOTES=0 */;

--
-- Table structure for table `category_eav`
--

DROP TABLE IF EXISTS `category_eav`;
/*!40101 SET @saved_cs_client     = @@character_set_client */;
/*!50503 SET character_set_client = utf8mb4 */;
CREATE TABLE `category_eav` (
  `attribute_id` varchar(50) NOT NULL,
  `label` varchar(50) NOT NULL,
  `referred_target` varchar(255) DEFAULT NULL,
  `admin_only` enum('0','1') DEFAULT '0',
  `html_type` enum('input','multiinput','select','multiselect','password','boolean') NOT NULL,
  `data_type` enum('int','decimal','varchar','text','html','datetime') NOT NULL,
  `validation` varchar(255) DEFAULT NULL,
  `is_super` enum('0','1') DEFAULT '0',
  `is_system` enum('0','1') DEFAULT '0',
  `unit` varchar(50) DEFAULT NULL,
  `sort_order` int DEFAULT NULL,
  PRIMARY KEY (`attribute_id`)
) ENGINE=InnoDB DEFAULT CHARSET=utf8mb4 COLLATE=utf8mb4_0900_ai_ci;
/*!40101 SET character_set_client = @saved_cs_client */;

--
-- Dumping data for table `category_eav`
--

LOCK TABLES `category_eav` WRITE;
/*!40000 ALTER TABLE `category_eav` DISABLE KEYS */;
INSERT INTO `category_eav` VALUES ('banner_image','Banner image',NULL,'0','input','varchar',NULL,'0','0',NULL,1);
/*!40000 ALTER TABLE `category_eav` ENABLE KEYS */;
UNLOCK TABLES;

--
-- Table structure for table `category_eav_datetime`
--

DROP TABLE IF EXISTS `category_eav_datetime`;
/*!40101 SET @saved_cs_client     = @@character_set_client */;
/*!50503 SET character_set_client = utf8mb4 */;
CREATE TABLE `category_eav_datetime` (
  `entity_id` varchar(50) NOT NULL,
  `attribute_id` varchar(50) NOT NULL,
  `value` bigint NOT NULL,
  PRIMARY KEY (`entity_id`,`attribute_id`)
) ENGINE=InnoDB DEFAULT CHARSET=utf8mb4 COLLATE=utf8mb4_0900_ai_ci;
/*!40101 SET character_set_client = @saved_cs_client */;

--
-- Dumping data for table `category_eav_datetime`
--

LOCK TABLES `category_eav_datetime` WRITE;
/*!40000 ALTER TABLE `category_eav_datetime` DISABLE KEYS */;
/*!40000 ALTER TABLE `category_eav_datetime` ENABLE KEYS */;
UNLOCK TABLES;

--
-- Table structure for table `category_eav_decimal`
--

DROP TABLE IF EXISTS `category_eav_decimal`;
/*!40101 SET @saved_cs_client     = @@character_set_client */;
/*!50503 SET character_set_client = utf8mb4 */;
CREATE TABLE `category_eav_decimal` (
  `entity_id` varchar(50) NOT NULL,
  `attribute_id` varchar(50) NOT NULL,
  `value` decimal(20,6) NOT NULL,
  PRIMARY KEY (`entity_id`,`attribute_id`)
) ENGINE=InnoDB DEFAULT CHARSET=utf8mb4 COLLATE=utf8mb4_0900_ai_ci;
/*!40101 SET character_set_client = @saved_cs_client */;

--
-- Dumping data for table `category_eav_decimal`
--

LOCK TABLES `category_eav_decimal` WRITE;
/*!40000 ALTER TABLE `category_eav_decimal` DISABLE KEYS */;
/*!40000 ALTER TABLE `category_eav_decimal` ENABLE KEYS */;
UNLOCK TABLES;

--
-- Table structure for table `category_eav_int`
--

DROP TABLE IF EXISTS `category_eav_int`;
/*!40101 SET @saved_cs_client     = @@character_set_client */;
/*!50503 SET character_set_client = utf8mb4 */;
CREATE TABLE `category_eav_int` (
  `entity_id` varchar(50) NOT NULL,
  `attribute_id` varchar(50) NOT NULL,
  `value` int NOT NULL,
  PRIMARY KEY (`entity_id`,`attribute_id`)
) ENGINE=InnoDB DEFAULT CHARSET=utf8mb4 COLLATE=utf8mb4_0900_ai_ci;
/*!40101 SET character_set_client = @saved_cs_client */;

--
-- Dumping data for table `category_eav_int`
--

LOCK TABLES `category_eav_int` WRITE;
/*!40000 ALTER TABLE `category_eav_int` DISABLE KEYS */;
/*!40000 ALTER TABLE `category_eav_int` ENABLE KEYS */;
UNLOCK TABLES;

--
-- Table structure for table `category_eav_multi_value`
--

DROP TABLE IF EXISTS `category_eav_multi_value`;
/*!40101 SET @saved_cs_client     = @@character_set_client */;
/*!50503 SET character_set_client = utf8mb4 */;
CREATE TABLE `category_eav_multi_value` (
  `entity_id` varchar(50) NOT NULL,
  `attribute_id` varchar(50) NOT NULL,
  `value` text NOT NULL,
  `sort_order` int DEFAULT NULL
) ENGINE=InnoDB DEFAULT CHARSET=utf8mb4 COLLATE=utf8mb4_0900_ai_ci;
/*!40101 SET character_set_client = @saved_cs_client */;

--
-- Dumping data for table `category_eav_multi_value`
--

LOCK TABLES `category_eav_multi_value` WRITE;
/*!40000 ALTER TABLE `category_eav_multi_value` DISABLE KEYS */;
/*!40000 ALTER TABLE `category_eav_multi_value` ENABLE KEYS */;
UNLOCK TABLES;

--
-- Table structure for table `category_eav_option`
--

DROP TABLE IF EXISTS `category_eav_option`;
/*!40101 SET @saved_cs_client     = @@character_set_client */;
/*!50503 SET character_set_client = utf8mb4 */;
CREATE TABLE `category_eav_option` (
  `attribute_id` varchar(50) NOT NULL,
  `value` varchar(255) NOT NULL,
  `label` varchar(255) DEFAULT NULL,
  `sort_order` int DEFAULT NULL,
  PRIMARY KEY (`attribute_id`,`value`)
) ENGINE=InnoDB DEFAULT CHARSET=utf8mb4 COLLATE=utf8mb4_0900_ai_ci;
/*!40101 SET character_set_client = @saved_cs_client */;

--
-- Dumping data for table `category_eav_option`
--

LOCK TABLES `category_eav_option` WRITE;
/*!40000 ALTER TABLE `category_eav_option` DISABLE KEYS */;
/*!40000 ALTER TABLE `category_eav_option` ENABLE KEYS */;
UNLOCK TABLES;

--
-- Table structure for table `category_eav_text`
--

DROP TABLE IF EXISTS `category_eav_text`;
/*!40101 SET @saved_cs_client     = @@character_set_client */;
/*!50503 SET character_set_client = utf8mb4 */;
CREATE TABLE `category_eav_text` (
  `entity_id` varchar(50) NOT NULL,
  `attribute_id` varchar(50) NOT NULL,
  `value` text NOT NULL,
  PRIMARY KEY (`entity_id`,`attribute_id`)
) ENGINE=InnoDB DEFAULT CHARSET=utf8mb4 COLLATE=utf8mb4_0900_ai_ci;
/*!40101 SET character_set_client = @saved_cs_client */;

--
-- Dumping data for table `category_eav_text`
--

LOCK TABLES `category_eav_text` WRITE;
/*!40000 ALTER TABLE `category_eav_text` DISABLE KEYS */;
/*!40000 ALTER TABLE `category_eav_text` ENABLE KEYS */;
UNLOCK TABLES;

--
-- Table structure for table `category_eav_varchar`
--

DROP TABLE IF EXISTS `category_eav_varchar`;
/*!40101 SET @saved_cs_client     = @@character_set_client */;
/*!50503 SET character_set_client = utf8mb4 */;
CREATE TABLE `category_eav_varchar` (
  `entity_id` varchar(50) NOT NULL,
  `attribute_id` varchar(50) NOT NULL,
  `value` varchar(255) NOT NULL,
  PRIMARY KEY (`entity_id`,`attribute_id`)
) ENGINE=InnoDB DEFAULT CHARSET=utf8mb4 COLLATE=utf8mb4_0900_ai_ci;
/*!40101 SET character_set_client = @saved_cs_client */;

--
-- Dumping data for table `category_eav_varchar`
--

LOCK TABLES `category_eav_varchar` WRITE;
/*!40000 ALTER TABLE `category_eav_varchar` DISABLE KEYS */;
INSERT INTO `category_eav_varchar` VALUES ('sound_accessories','banner_image','/public/image/product/large/apedra_a7_03.jpg');
/*!40000 ALTER TABLE `category_eav_varchar` ENABLE KEYS */;
UNLOCK TABLES;

--
-- Table structure for table `category_entity`
--

DROP TABLE IF EXISTS `category_entity`;
/*!40101 SET @saved_cs_client     = @@character_set_client */;
/*!50503 SET character_set_client = utf8mb4 */;
CREATE TABLE `category_entity` (
  `entity_id` varchar(50) NOT NULL,
  `name` varchar(255) NOT NULL,
  `parent` varchar(50) DEFAULT NULL,
  `is_online` enum('0','1') DEFAULT '1',
  `position` int DEFAULT NULL,
  PRIMARY KEY (`entity_id`)
) ENGINE=InnoDB DEFAULT CHARSET=utf8mb4 COLLATE=utf8mb4_0900_ai_ci;
/*!40101 SET character_set_client = @saved_cs_client */;

--
-- Dumping data for table `category_entity`
--

LOCK TABLES `category_entity` WRITE;
/*!40000 ALTER TABLE `category_entity` DISABLE KEYS */;
INSERT INTO `category_entity` VALUES ('bluetooth_earbud','Tai nghe bluetooth','sound_accessories','1',1),('bluetooth_headphone','Headphone bluetooth','sound_accessories','1',3),('bluetooth_mouse','Chuột bluetooth','laptop_accessories','1',1),('charger_set','Bộ củ & cáp sạc','chargers','1',4),('chargers','Sạc',NULL,'1',2),('cooling_pad','Tản nhiệt','laptop_accessories','1',5),('keyboard','Bàn phím','laptop_accessories','1',4),('keyboard_set','Combo phím & chuột','laptop_accessories','1',3),('laptop_accessories','Phụ kiện laptop',NULL,'1',3),('mousepad','Lót chuột','laptop_accessories','0',7),('phone_adapter','Củ sạc','chargers','1',3),('phone_cable','Cáp sạc','chargers','1',2),('powerbank','Pin dự phòng','chargers','1',1),('sound_accessories','Âm thanh',NULL,'1',1),('speaker','Loa bluetooth','laptop_accessories','1',6),('wired_earbud','Tai nghe dây','sound_accessories','1',2),('wired_headphone','Headphone','sound_accessories','1',4),('wired_mouse','Chuột dây','laptop_accessories','1',2);
/*!40000 ALTER TABLE `category_entity` ENABLE KEYS */;
UNLOCK TABLES;

--
-- Table structure for table `eav_group`
--

DROP TABLE IF EXISTS `eav_group`;
/*!40101 SET @saved_cs_client     = @@character_set_client */;
/*!50503 SET character_set_client = utf8mb4 */;
CREATE TABLE `eav_group` (
  `group_id` varchar(50) NOT NULL,
  `entity_type` varchar(50) NOT NULL,
  `sort_order` int DEFAULT NULL,
  PRIMARY KEY (`group_id`,`entity_type`)
) ENGINE=InnoDB DEFAULT CHARSET=utf8mb4 COLLATE=utf8mb4_0900_ai_ci;
/*!40101 SET character_set_client = @saved_cs_client */;

--
-- Dumping data for table `eav_group`
--

LOCK TABLES `eav_group` WRITE;
/*!40000 ALTER TABLE `eav_group` DISABLE KEYS */;
INSERT INTO `eav_group` VALUES ('Charge adapter','product',4),('Charge cable','product',3),('Cooler','product',10),('Core attributes','product',1),('Earbud - Headphone','product',4),('Keyboard','product',9),('Mouse','product',7),('Mousepad','product',8),('Power bank','product',6),('Speaker','product',9),('Supplier control','product',2);
/*!40000 ALTER TABLE `eav_group` ENABLE KEYS */;
UNLOCK TABLES;

--
-- Table structure for table `eav_group_assignment`
--

DROP TABLE IF EXISTS `eav_group_assignment`;
/*!40101 SET @saved_cs_client     = @@character_set_client */;
/*!50503 SET character_set_client = utf8mb4 */;
CREATE TABLE `eav_group_assignment` (
  `group_id` varchar(50) NOT NULL,
  `entity_type` varchar(50) NOT NULL,
  `attribute_id` varchar(50) NOT NULL,
  `sort_order` int DEFAULT NULL,
  PRIMARY KEY (`group_id`,`entity_type`,`attribute_id`)
) ENGINE=InnoDB DEFAULT CHARSET=utf8mb4 COLLATE=utf8mb4_0900_ai_ci;
/*!40101 SET character_set_client = @saved_cs_client */;

--
-- Dumping data for table `eav_group_assignment`
--

LOCK TABLES `eav_group_assignment` WRITE;
/*!40000 ALTER TABLE `eav_group_assignment` DISABLE KEYS */;
INSERT INTO `eav_group_assignment` VALUES ('Charge adapter','product','adapter_output',1),('Charge cable','product','cable_cordlength',2),('Charge cable','product','cable_jacktype',1),('Charge cable','product','cable_material',3),('Cooler','product','cooler_fannumber',1),('Cooler','product','cooler_material',3),('Cooler','product','cooler_productsize',2),('Cooler','product','cooler_usbportnumber',4),('Core attributes','product','color',2),('Core attributes','product','gallery',4),('Core attributes','product','name',1),('Core attributes','product','thumbnail',3),('Core attributes','product','warranty',5),('Earbud - Headphone','product','earbud_activelongevity',10),('Earbud - Headphone','product','earbud_bluetoothversion',9),('Earbud - Headphone','product','earbud_capacity',12),('Earbud - Headphone','product','earbud_cordlength',4),('Earbud - Headphone','product','earbud_dockcapacity',13),('Earbud - Headphone','product','earbud_earcapacity',14),('Earbud - Headphone','product','earbud_jacktype',1),('Earbud - Headphone','product','earbud_linecontrol',3),('Earbud - Headphone','product','earbud_material',7),('Earbud - Headphone','product','earbud_standbylongevity',11),('Earbud - Headphone','product','earbud_weight',8),('Earbud - Headphone','product','frequency_range',5),('Earbud - Headphone','product','impedance',6),('Earbud - Headphone','product','mic_available',2),('Keyboard','product','kboard_productsize',1),('Keyboard','product','kboard_weight',2),('Mouse','product','mouse_dpi',1),('Mouse','product','mouse_effectivedistabce',6),('Mouse','product','mouse_productsize',4),('Mouse','product','mouse_silence',2),('Mouse','product','mouse_weight',5),('Mouse','product','mousepad_material',3),('Mousepad','product','mousepad_material',3),('Mousepad','product','mousepad_productsize',1),('Mousepad','product','mousepad_thickness',2),('Power bank','product','pwbank_material',5),('Power bank','product','pwrbank_capacity',1),('Power bank','product','pwrbank_cellmaterial',4),('Power bank','product','pwrbank_input',2),('Power bank','product','pwrbank_output',3),('Power bank','product','pwrbank_productsize',6),('Speaker','product','spker_activeduration',6),('Speaker','product','spker_bluetoothversion',4),('Speaker','product','spker_capacity',5),('Speaker','product','spker_chargingduration',7),('Speaker','product','spker_productsize',2),('Speaker','product','spker_wattage',1),('Speaker','product','spker_weight',3),('Supplier control','product','sup_link',1),('Supplier control','product','sup_name',2),('Supplier control','product','sup_price',3),('Supplier control','product','sup_stock',4),('Supplier control','product','sup_warranty',5),('Supplier control','product','supplier_last_updated',6),('Supplier control','product','supplier_update_acknowledge',7),('Supplier control','product','supplier_updated_info',8);
/*!40000 ALTER TABLE `eav_group_assignment` ENABLE KEYS */;
UNLOCK TABLES;

--
-- Table structure for table `inventory`
--

DROP TABLE IF EXISTS `inventory`;
/*!40101 SET @saved_cs_client     = @@character_set_client */;
/*!50503 SET character_set_client = utf8mb4 */;
CREATE TABLE `inventory` (
  `entity_id` varchar(50) NOT NULL,
  `available_quantity` int NOT NULL
) ENGINE=InnoDB DEFAULT CHARSET=utf8mb4 COLLATE=utf8mb4_0900_ai_ci;
/*!40101 SET character_set_client = @saved_cs_client */;

--
-- Dumping data for table `inventory`
--

LOCK TABLES `inventory` WRITE;
/*!40000 ALTER TABLE `inventory` DISABLE KEYS */;
/*!40000 ALTER TABLE `inventory` ENABLE KEYS */;
UNLOCK TABLES;

--
-- Table structure for table `order`
--

DROP TABLE IF EXISTS `order`;
/*!40101 SET @saved_cs_client     = @@character_set_client */;
/*!50503 SET character_set_client = utf8mb4 */;
CREATE TABLE `order` (
  `entity_id` int NOT NULL AUTO_INCREMENT,
  `order_time` bigint DEFAULT NULL,
  `status` enum('1','2','3','4','5','6') DEFAULT '1',
  `shipping_status` enum('1','2','3','4') DEFAULT '1',
  `rcver_name` varchar(255) NOT NULL,
  `rcver_tel` varchar(15) NOT NULL,
  `address` varchar(255) NOT NULL,
  PRIMARY KEY (`entity_id`)
) ENGINE=InnoDB DEFAULT CHARSET=utf8mb4 COLLATE=utf8mb4_0900_ai_ci;
/*!40101 SET character_set_client = @saved_cs_client */;

--
-- Dumping data for table `order`
--

LOCK TABLES `order` WRITE;
/*!40000 ALTER TABLE `order` DISABLE KEYS */;
/*!40000 ALTER TABLE `order` ENABLE KEYS */;
UNLOCK TABLES;

--
-- Table structure for table `order_item`
--

DROP TABLE IF EXISTS `order_item`;
/*!40101 SET @saved_cs_client     = @@character_set_client */;
/*!50503 SET character_set_client = utf8mb4 */;
CREATE TABLE `order_item` (
  `entity_id` int NOT NULL AUTO_INCREMENT,
  `order_id` int NOT NULL,
  `prod_id` varchar(50) NOT NULL,
  `prod_name` varchar(255) NOT NULL,
  `prod_thumb` varchar(255) DEFAULT NULL,
  `price` int NOT NULL,
  `discount_percent` int DEFAULT NULL,
  `discount_direct` int DEFAULT NULL,
  `warranty` int DEFAULT NULL,
  `category` varchar(255) DEFAULT NULL,
  `variant` varchar(255) DEFAULT NULL,
  `quantity` int NOT NULL,
  PRIMARY KEY (`entity_id`)
) ENGINE=InnoDB DEFAULT CHARSET=utf8mb4 COLLATE=utf8mb4_0900_ai_ci;
/*!40101 SET character_set_client = @saved_cs_client */;

--
-- Dumping data for table `order_item`
--

LOCK TABLES `order_item` WRITE;
/*!40000 ALTER TABLE `order_item` DISABLE KEYS */;
/*!40000 ALTER TABLE `order_item` ENABLE KEYS */;
UNLOCK TABLES;

--
-- Table structure for table `product_category_assignment`
--

DROP TABLE IF EXISTS `product_category_assignment`;
/*!40101 SET @saved_cs_client     = @@character_set_client */;
/*!50503 SET character_set_client = utf8mb4 */;
CREATE TABLE `product_category_assignment` (
  `product_id` varchar(50) NOT NULL,
  `category_id` varchar(50) NOT NULL,
  `position` int DEFAULT '0',
  PRIMARY KEY (`product_id`,`category_id`)
) ENGINE=InnoDB DEFAULT CHARSET=utf8mb4 COLLATE=utf8mb4_0900_ai_ci;
/*!40101 SET character_set_client = @saved_cs_client */;

--
-- Dumping data for table `product_category_assignment`
--

LOCK TABLES `product_category_assignment` WRITE;
/*!40000 ALTER TABLE `product_category_assignment` DISABLE KEYS */;
INSERT INTO `product_category_assignment` VALUES ('PR0001','wired_earbud',0),('PR0004','wired_earbud',0),('PR0008','wired_earbud',0),('PR0012','bluetooth_earbud',0),('PR0013','bluetooth_earbud',0),('PR0016','bluetooth_earbud',0),('PR0019','bluetooth_earbud',0),('PR0022','wired_headphone',0),('PR0025','wired_headphone',0),('PR0026','wired_headphone',0),('PR0029','wired_headphone',0),('PR0030','wired_headphone',0),('PR0031','bluetooth_headphone',0),('PR0034','bluetooth_headphone',0),('PR0037','powerbank',0),('PR0040','powerbank',0),('PR0043','powerbank',0),('PR0046','powerbank',0),('PR0047','powerbank',0),('PR0050','powerbank',0),('PR0053','powerbank',0),('PR0056','powerbank',0),('PR0059','phone_adapter',0),('PR0060','phone_adapter',0),('PR0063','phone_adapter',0),('PR0064','phone_adapter',0),('PR0065','phone_cable',0),('PR0068','phone_cable',0),('PR0069','phone_cable',0),('PR0074','phone_cable',0),('PR0081','phone_cable',0),('PR0088','phone_cable',0),('PR0093','phone_cable',0),('PR0094','charger_set',0),('PR0098','charger_set',0),('PR0102','wired_mouse',0),('PR0105','wired_mouse',0),('PR0108','wired_mouse',0),('PR0109','wired_mouse',0),('PR0112','wired_mouse',0),('PR0113','wired_mouse',0),('PR0114','wired_mouse',0),('PR0115','wired_mouse',0),('PR0116','wired_mouse',0),('PR0117','bluetooth_mouse',0),('PR0118','bluetooth_mouse',0),('PR0121','bluetooth_mouse',0),('PR0126','bluetooth_mouse',0),('PR0131','bluetooth_mouse',0),('PR0132','mousepad',0),('PR0133','mousepad',0),('PR0134','mousepad',0),('PR0135','mousepad',0),('PR0136','mousepad',0),('PR0142','keyboard',0),('PR0143','keyboard',0),('PR0144','keyboard',0),('PR0145','keyboard',0),('PR0146','keyboard',0),('PR0147','keyboard',0),('PR0148','keyboard',0),('PR0149','keyboard',0),('PR0150','keyboard',0),('PR0151','keyboard_set',0),('PR0156','keyboard_set',0),('PR0160','keyboard_set',0),('PR0164','keyboard_set',0),('PR0167','cooling_pad',0),('PR0168','cooling_pad',0),('PR0169','speaker',0),('PR0170','speaker',0),('PR0171','speaker',0),('PR0178','speaker',0),('PR0183','speaker',0);
/*!40000 ALTER TABLE `product_category_assignment` ENABLE KEYS */;
UNLOCK TABLES;

--
-- Table structure for table `product_eav`
--

DROP TABLE IF EXISTS `product_eav`;
/*!40101 SET @saved_cs_client     = @@character_set_client */;
/*!50503 SET character_set_client = utf8mb4 */;
CREATE TABLE `product_eav` (
  `attribute_id` varchar(50) NOT NULL,
  `label` varchar(50) NOT NULL,
  `referred_target` varchar(255) DEFAULT NULL,
  `admin_only` enum('0','1') DEFAULT '0',
  `html_type` enum('input','multiinput','select','multiselect','password','boolean') NOT NULL,
  `data_type` enum('int','decimal','varchar','text','html','datetime') NOT NULL,
  `validation` varchar(255) DEFAULT NULL,
  `is_super` enum('0','1') DEFAULT '0',
  `is_system` enum('0','1') DEFAULT '0',
  `unit` varchar(50) DEFAULT NULL,
  `sort_order` int DEFAULT NULL,
  PRIMARY KEY (`attribute_id`)
) ENGINE=InnoDB DEFAULT CHARSET=utf8mb4 COLLATE=utf8mb4_0900_ai_ci;
/*!40101 SET character_set_client = @saved_cs_client */;

--
-- Dumping data for table `product_eav`
--

LOCK TABLES `product_eav` WRITE;
/*!40000 ALTER TABLE `product_eav` DISABLE KEYS */;
INSERT INTO `product_eav` VALUES ('adapter_output','Đầu ra',NULL,'0','input','varchar',NULL,'1','0',NULL,1),('cable_cordlength','Chiều dài',NULL,'0','input','decimal',NULL,'1','0','m',NULL),('cable_jacktype','Loại jack',NULL,'0','select','varchar',NULL,'0','0',NULL,NULL),('cable_material','Vật liệu',NULL,'0','select','varchar',NULL,'1','0',NULL,NULL),('color','Color',NULL,'0','input','varchar',NULL,'0','0',NULL,NULL),('cooler_fannumber','Số quạt làm mát','Tản nhiệt','0','input','int',NULL,'1','0',NULL,NULL),('cooler_material','Chất liệu','Tản nhiệt','0','select','varchar',NULL,'1','0',NULL,NULL),('cooler_productsize','Kích thước','Tản nhiệt','0','input','varchar',NULL,'1','0',NULL,NULL),('cooler_usbportnumber','Số cổng usb',NULL,'0','input','int',NULL,'1','0',NULL,NULL),('earbud_activelongevity','Thời gian đàm thoại',NULL,'0','input','decimal',NULL,'1','0','giờ',NULL),('earbud_bluetoothversion','Công nghệ bluetooth',NULL,'0','select','varchar',NULL,'1','0',NULL,NULL),('earbud_capacity','Dung lượng pin',NULL,'0','input','decimal',NULL,'1','0','mAh',NULL),('earbud_cordlength','Chiều dài dây','Tai nghe','0','input','decimal',NULL,'1','0','m',NULL),('earbud_dockcapacity','Dung lượng dock sạc',NULL,'0','input','int',NULL,'1','0','mAh',NULL),('earbud_earcapacity','Dung lượng mỗi tai',NULL,'0','input','int',NULL,'1','0','mAh',NULL),('earbud_jacktype','Loại jack','Tai nghe','0','select','varchar',NULL,'1','0',NULL,NULL),('earbud_linecontrol','Nút điều khiển',NULL,'0','boolean','int',NULL,'1','0',NULL,NULL),('earbud_material','Chất liệu','Tai nghe','0','select','varchar',NULL,'1','0',NULL,NULL),('earbud_standbylongevity','Thời gian chờ',NULL,'0','input','decimal',NULL,'1','0','giờ',NULL),('earbud_weight','Trọng lượng',NULL,'0','input','varchar',NULL,'1','0',NULL,NULL),('frequency_range','Dải tần','Tai nghe','0','input','varchar',NULL,'1','0',NULL,NULL),('gallery','Gallery',NULL,'0','multiinput','varchar',NULL,'0','0',NULL,NULL),('impedance','Trở kháng','Tai nghe, headphone','0','input','decimal',NULL,'1','0','Ohms (Ω)',NULL),('kboard_productsize','Kích thước','Bàn phím','0','input','varchar',NULL,'1','0',NULL,NULL),('kboard_weight','Trọng lượng','Bàn phím','0','input','decimal',NULL,'1','0','kg',NULL),('mic_available','Có mic','Tai nghe','0','boolean','int',NULL,'1','0',NULL,NULL),('mouse_dpi','DPI',NULL,'0','input','varchar',NULL,'1','0',NULL,NULL),('mouse_effectivedistabce','Khoảng cách hoạt động',NULL,'0','input','decimal',NULL,'1','0','m',NULL),('mouse_productsize','Kích thước',NULL,'0','input','varchar',NULL,'1','0',NULL,NULL),('mouse_silence','Silence',NULL,'0','boolean','int',NULL,'1','0',NULL,NULL),('mouse_weight','Trọng lượng',NULL,'0','input','decimal',NULL,'1','0','gr',NULL),('mousepad_material','Vật liệu',NULL,'0','select','varchar',NULL,'1','0',NULL,NULL),('mousepad_productsize','Kích thước',NULL,'0','input','varchar',NULL,'1','0',NULL,NULL),('mousepad_thickness','Độ dày',NULL,'0','input','decimal',NULL,'1','0','mm',NULL),('name','Product name',NULL,'0','input','varchar',NULL,'0','0',NULL,NULL),('pwbank_material','Chất liệu',NULL,'0','select','varchar',NULL,'1','0',NULL,NULL),('pwrbank_capacity','Dung lượng',NULL,'0','input','int',NULL,'1','0','mAh',NULL),('pwrbank_cellmaterial','Chất liệu cell',NULL,'0','select','varchar',NULL,'1','0',NULL,NULL),('pwrbank_input','Đầu vào',NULL,'0','input','varchar',NULL,'1','0',NULL,NULL),('pwrbank_output','Đầu ra',NULL,'0','input','varchar',NULL,'1','0',NULL,NULL),('pwrbank_productsize','Kích thước',NULL,'0','input','varchar',NULL,'1','0',NULL,NULL),('spker_activeduration','Thời gian nghe nhạc',NULL,'0','input','decimal',NULL,'1','0','giờ',NULL),('spker_bluetoothversion','Phiên bản bluetooth',NULL,'0','select','varchar',NULL,'1','0',NULL,NULL),('spker_capacity','Dung lượng pin',NULL,'0','input','int',NULL,'1','0','mAh',NULL),('spker_chargingduration','Thời gian sạc',NULL,'0','input','decimal',NULL,'1','0','giờ',NULL),('spker_productsize','Kích thước',NULL,'0','input','varchar',NULL,'1','0',NULL,NULL),('spker_wattage','Công suất',NULL,'0','input','decimal',NULL,'1','0','watt',NULL),('spker_weight','Trọng lượng',NULL,'0','input','int',NULL,'1','0','gr',NULL),('sup_link','Supplier link',NULL,'1','input','varchar',NULL,'0','0',NULL,NULL),('sup_name','Supplier name',NULL,'1','input','varchar',NULL,'0','0',NULL,NULL),('sup_price','Supplier price',NULL,'1','input','decimal',NULL,'0','0',NULL,NULL),('sup_stock','Supplier stock',NULL,'1','boolean','int',NULL,'0','0',NULL,NULL),('sup_warranty','Supplier warranty',NULL,'1','input','varchar',NULL,'0','0',NULL,NULL),('supplier_last_updated','Supplier last updated',NULL,'1','input','datetime',NULL,'0','0',NULL,NULL),('supplier_update_acknowledge','Supplier update acknowledge',NULL,'1','boolean','int',NULL,'0','0',NULL,NULL),('supplier_updated_info','Supplier update info',NULL,'1','input','html',NULL,'0','0',NULL,NULL),('thumbnail','Thumbnail',NULL,'0','input','varchar',NULL,'0','0',NULL,NULL),('warranty','Warranty',NULL,'0','select','datetime',NULL,'0','0',NULL,NULL);
/*!40000 ALTER TABLE `product_eav` ENABLE KEYS */;
UNLOCK TABLES;

--
-- Table structure for table `product_eav_datetime`
--

DROP TABLE IF EXISTS `product_eav_datetime`;
/*!40101 SET @saved_cs_client     = @@character_set_client */;
/*!50503 SET character_set_client = utf8mb4 */;
CREATE TABLE `product_eav_datetime` (
  `entity_id` varchar(50) NOT NULL,
  `attribute_id` varchar(50) NOT NULL,
  `value` bigint NOT NULL,
  PRIMARY KEY (`entity_id`,`attribute_id`)
) ENGINE=InnoDB DEFAULT CHARSET=utf8mb4 COLLATE=utf8mb4_0900_ai_ci;
/*!40101 SET character_set_client = @saved_cs_client */;

--
-- Dumping data for table `product_eav_datetime`
--

LOCK TABLES `product_eav_datetime` WRITE;
/*!40000 ALTER TABLE `product_eav_datetime` DISABLE KEYS */;
INSERT INTO `product_eav_datetime` VALUES ('PR0001','supplier_last_updated',1621008499809),('PR0002','supplier_last_updated',1621008499809),('PR0003','supplier_last_updated',1621008499809),('PR0004','supplier_last_updated',1621008499809),('PR0008','supplier_last_updated',1621008499809),('PR0012','supplier_last_updated',1621008499809),('PR0013','supplier_last_updated',1621008499809),('PR0016','supplier_last_updated',1621008499809),('PR0019','supplier_last_updated',1621008499809),('PR0022','supplier_last_updated',1621008499809),('PR0025','supplier_last_updated',1621008499809),('PR0026','supplier_last_updated',1621008499809),('PR0029','supplier_last_updated',1621008499809),('PR0030','supplier_last_updated',1621008499809),('PR0031','supplier_last_updated',1621008499809),('PR0034','supplier_last_updated',1621008499809),('PR0037','supplier_last_updated',1621008499809),('PR0040','supplier_last_updated',1621008499809),('PR0043','supplier_last_updated',1621008499809),('PR0046','supplier_last_updated',1621008499809),('PR0047','supplier_last_updated',1621008499809),('PR0050','supplier_last_updated',1621008499809),('PR0053','supplier_last_updated',1621008499809),('PR0056','supplier_last_updated',1621008499809),('PR0059','supplier_last_updated',1621008499809),('PR0060','supplier_last_updated',1621008499809),('PR0063','supplier_last_updated',1621008499809),('PR0064','supplier_last_updated',1621008499809),('PR0065','supplier_last_updated',1621008499809),('PR0068','supplier_last_updated',1621008499809),('PR0069','supplier_last_updated',1621008499809),('PR0070','supplier_last_updated',1621008499809),('PR0071','supplier_last_updated',1621008499809),('PR0072','supplier_last_updated',1621008499809),('PR0073','supplier_last_updated',1621008499809),('PR0081','supplier_last_updated',1621008499809),('PR0082','supplier_last_updated',1621008499809),('PR0083','supplier_last_updated',1621008499809),('PR0084','supplier_last_updated',1621008499809),('PR0085','supplier_last_updated',1621008499809),('PR0086','supplier_last_updated',1621008499809),('PR0087','supplier_last_updated',1621008499809),('PR0088','supplier_last_updated',1621008499809),('PR0089','supplier_last_updated',1621008499809),('PR0090','supplier_last_updated',1621008499809),('PR0091','supplier_last_updated',1621008499809),('PR0092','supplier_last_updated',1621008499809),('PR0093','supplier_last_updated',1621008499809),('PR0094','supplier_last_updated',1621008499809),('PR0095','supplier_last_updated',1621008499809),('PR0096','supplier_last_updated',1621008499809),('PR0097','supplier_last_updated',1621008499809),('PR0098','supplier_last_updated',1621008499809),('PR0099','supplier_last_updated',1621008499809),('PR0100','supplier_last_updated',1621008499809),('PR0101','supplier_last_updated',1621008499809),('PR0102','supplier_last_updated',1621008499809),('PR0105','supplier_last_updated',1621008499809),('PR0108','supplier_last_updated',1621008499809),('PR0109','supplier_last_updated',1621008499809),('PR0112','supplier_last_updated',1621008499809),('PR0113','supplier_last_updated',1621008499809),('PR0114','supplier_last_updated',1621008499809),('PR0115','supplier_last_updated',1621008499809),('PR0116','supplier_last_updated',1621008499809),('PR0117','supplier_last_updated',1621008499809),('PR0118','supplier_last_updated',1621008499809),('PR0121','supplier_last_updated',1621008499809),('PR0126','supplier_last_updated',1621008499809),('PR0131','supplier_last_updated',1621008499809),('PR0132','supplier_last_updated',1621008499809),('PR0133','supplier_last_updated',1621008499809),('PR0134','supplier_last_updated',1621008499809),('PR0135','supplier_last_updated',1621008499809),('PR0136','supplier_last_updated',1621008499809),('PR0142','supplier_last_updated',1621008499809),('PR0143','supplier_last_updated',1621008499809),('PR0144','supplier_last_updated',1621008499809),('PR0145','supplier_last_updated',1621008499809),('PR0146','supplier_last_updated',1621008499809),('PR0147','supplier_last_updated',1621008499809),('PR0148','supplier_last_updated',1621008499809),('PR0149','supplier_last_updated',1621008499809),('PR0150','supplier_last_updated',1621008499809),('PR0151','supplier_last_updated',1621008499809),('PR0156','supplier_last_updated',1621008499809),('PR0160','supplier_last_updated',1621008499809),('PR0164','supplier_last_updated',1621008499809),('PR0167','supplier_last_updated',1621008499809),('PR0168','supplier_last_updated',1621008499809),('PR0169','supplier_last_updated',1621008499809),('PR0170','supplier_last_updated',1621008499809),('PR0171','supplier_last_updated',1621008499809),('PR0178','supplier_last_updated',1621008499809),('PR0183','supplier_last_updated',1621008499809);
/*!40000 ALTER TABLE `product_eav_datetime` ENABLE KEYS */;
UNLOCK TABLES;

--
-- Table structure for table `product_eav_decimal`
--

DROP TABLE IF EXISTS `product_eav_decimal`;
/*!40101 SET @saved_cs_client     = @@character_set_client */;
/*!50503 SET character_set_client = utf8mb4 */;
CREATE TABLE `product_eav_decimal` (
  `entity_id` varchar(50) NOT NULL,
  `attribute_id` varchar(50) NOT NULL,
  `value` decimal(20,6) NOT NULL,
  PRIMARY KEY (`entity_id`,`attribute_id`)
) ENGINE=InnoDB DEFAULT CHARSET=utf8mb4 COLLATE=utf8mb4_0900_ai_ci;
/*!40101 SET character_set_client = @saved_cs_client */;

--
-- Dumping data for table `product_eav_decimal`
--

LOCK TABLES `product_eav_decimal` WRITE;
/*!40000 ALTER TABLE `product_eav_decimal` DISABLE KEYS */;
INSERT INTO `product_eav_decimal` VALUES ('PR0002','sup_price',53000.000000),('PR0003','sup_price',57000.000000),('PR0004','sup_price',65000.000000),('PR0008','sup_price',43000.000000),('PR0012','sup_price',190000.000000),('PR0013','sup_price',185000.000000),('PR0016','sup_price',320000.000000),('PR0019','sup_price',350000.000000),('PR0022','sup_price',170000.000000),('PR0025','sup_price',370000.000000),('PR0026','sup_price',137000.000000),('PR0029','sup_price',180000.000000),('PR0030','sup_price',230000.000000),('PR0031','sup_price',230000.000000),('PR0034','sup_price',280000.000000),('PR0037','sup_price',155000.000000),('PR0040','sup_price',128000.000000),('PR0043','sup_price',198000.000000),('PR0046','sup_price',257000.000000),('PR0047','sup_price',280000.000000),('PR0050','sup_price',210000.000000),('PR0053','sup_price',370000.000000),('PR0056','sup_price',372000.000000),('PR0059','sup_price',37000.000000),('PR0060','sup_price',67000.000000),('PR0063','sup_price',85000.000000),('PR0064','sup_price',80000.000000),('PR0065','sup_price',34000.000000),('PR0068','sup_price',55000.000000),('PR0070','sup_price',39000.000000),('PR0071','sup_price',39000.000000),('PR0072','sup_price',46000.000000),('PR0073','sup_price',46000.000000),('PR0082','sup_price',47000.000000),('PR0083','sup_price',47000.000000),('PR0084','sup_price',45000.000000),('PR0085','sup_price',45000.000000),('PR0086','sup_price',43000.000000),('PR0087','sup_price',43000.000000),('PR0089','sup_price',27000.000000),('PR0090','sup_price',27000.000000),('PR0091','sup_price',30000.000000),('PR0092','sup_price',30000.000000),('PR0093','sup_price',73000.000000),('PR0095','sup_price',79000.000000),('PR0096','sup_price',84000.000000),('PR0097','sup_price',79000.000000),('PR0099','sup_price',54000.000000),('PR0100','sup_price',57000.000000),('PR0101','sup_price',57000.000000),('PR0102','sup_price',35000.000000),('PR0105','sup_price',45000.000000),('PR0108','sup_price',67000.000000),('PR0109','sup_price',87000.000000),('PR0112','sup_price',120000.000000),('PR0113','sup_price',45000.000000),('PR0114','sup_price',110000.000000),('PR0115','sup_price',127000.000000),('PR0116','sup_price',260000.000000),('PR0117','sup_price',98000.000000),('PR0118','sup_price',70000.000000),('PR0121','sup_price',95000.000000),('PR0126','sup_price',137000.000000),('PR0131','sup_price',105000.000000),('PR0132','sup_price',17000.000000),('PR0133','sup_price',36000.000000),('PR0134','sup_price',65000.000000),('PR0135','sup_price',19000.000000),('PR0136','sup_price',45000.000000),('PR0142','sup_price',70000.000000),('PR0143','sup_price',70000.000000),('PR0144','sup_price',125000.000000),('PR0145','sup_price',105000.000000),('PR0146','sup_price',95000.000000),('PR0147','sup_price',125000.000000),('PR0148','sup_price',340000.000000),('PR0149','sup_price',570000.000000),('PR0150','sup_price',515000.000000),('PR0151','sup_price',240000.000000),('PR0156','sup_price',240000.000000),('PR0160','sup_price',240000.000000),('PR0164','sup_price',200000.000000),('PR0167','sup_price',76000.000000),('PR0168','sup_price',165000.000000),('PR0169','sup_price',140000.000000),('PR0170','sup_price',230000.000000),('PR0171','sup_price',160000.000000),('PR0178','sup_price',155000.000000),('PR0183','sup_price',160000.000000);
/*!40000 ALTER TABLE `product_eav_decimal` ENABLE KEYS */;
UNLOCK TABLES;

--
-- Table structure for table `product_eav_index`
--

DROP TABLE IF EXISTS `product_eav_index`;
/*!40101 SET @saved_cs_client     = @@character_set_client */;
/*!50503 SET character_set_client = utf8mb4 */;
CREATE TABLE `product_eav_index` (
  `product_id` varchar(50) NOT NULL,
  `attribute_id` varchar(50) NOT NULL,
  `value` text NOT NULL,
  PRIMARY KEY (`product_id`,`attribute_id`,`value`(255))
) ENGINE=InnoDB DEFAULT CHARSET=utf8mb4 COLLATE=utf8mb4_0900_ai_ci;
/*!40101 SET character_set_client = @saved_cs_client */;

--
-- Dumping data for table `product_eav_index`
--

LOCK TABLES `product_eav_index` WRITE;
/*!40000 ALTER TABLE `product_eav_index` DISABLE KEYS */;
/*!40000 ALTER TABLE `product_eav_index` ENABLE KEYS */;
UNLOCK TABLES;

--
-- Table structure for table `product_eav_int`
--

DROP TABLE IF EXISTS `product_eav_int`;
/*!40101 SET @saved_cs_client     = @@character_set_client */;
/*!50503 SET character_set_client = utf8mb4 */;
CREATE TABLE `product_eav_int` (
  `entity_id` varchar(50) NOT NULL,
  `attribute_id` varchar(50) NOT NULL,
  `value` int NOT NULL,
  PRIMARY KEY (`entity_id`,`attribute_id`)
) ENGINE=InnoDB DEFAULT CHARSET=utf8mb4 COLLATE=utf8mb4_0900_ai_ci;
/*!40101 SET character_set_client = @saved_cs_client */;

--
-- Dumping data for table `product_eav_int`
--

LOCK TABLES `product_eav_int` WRITE;
/*!40000 ALTER TABLE `product_eav_int` DISABLE KEYS */;
INSERT INTO `product_eav_int` VALUES ('PR0001','supplier_update_acknowledge',0),('PR0002','sup_stock',1),('PR0003','sup_stock',1),('PR0004','sup_stock',1),('PR0004','supplier_update_acknowledge',0),('PR0008','sup_stock',1),('PR0008','supplier_update_acknowledge',0),('PR0012','sup_stock',1),('PR0012','supplier_update_acknowledge',0),('PR0013','sup_stock',1),('PR0013','supplier_update_acknowledge',0),('PR0016','sup_stock',1),('PR0016','supplier_update_acknowledge',0),('PR0019','sup_stock',1),('PR0019','supplier_update_acknowledge',0),('PR0022','sup_stock',1),('PR0022','supplier_update_acknowledge',0),('PR0025','sup_stock',1),('PR0025','supplier_update_acknowledge',0),('PR0026','sup_stock',1),('PR0026','supplier_update_acknowledge',0),('PR0029','sup_stock',1),('PR0029','supplier_update_acknowledge',0),('PR0030','sup_stock',1),('PR0030','supplier_update_acknowledge',0),('PR0031','sup_stock',1),('PR0031','supplier_update_acknowledge',0),('PR0034','sup_stock',1),('PR0034','supplier_update_acknowledge',0),('PR0037','sup_stock',1),('PR0037','supplier_update_acknowledge',0),('PR0040','sup_stock',1),('PR0040','supplier_update_acknowledge',0),('PR0043','sup_stock',1),('PR0043','supplier_update_acknowledge',0),('PR0046','sup_stock',1),('PR0046','supplier_update_acknowledge',0),('PR0047','sup_stock',1),('PR0047','supplier_update_acknowledge',0),('PR0050','sup_stock',1),('PR0050','supplier_update_acknowledge',0),('PR0053','sup_stock',1),('PR0053','supplier_update_acknowledge',0),('PR0056','sup_stock',1),('PR0056','supplier_update_acknowledge',0),('PR0059','sup_stock',1),('PR0059','supplier_update_acknowledge',0),('PR0060','sup_stock',1),('PR0060','supplier_update_acknowledge',0),('PR0063','sup_stock',1),('PR0063','supplier_update_acknowledge',0),('PR0064','sup_stock',1),('PR0064','supplier_update_acknowledge',0),('PR0065','sup_stock',1),('PR0065','supplier_update_acknowledge',0),('PR0068','sup_stock',1),('PR0068','supplier_update_acknowledge',0),('PR0069','supplier_update_acknowledge',0),('PR0070','sup_stock',1),('PR0071','sup_stock',1),('PR0072','sup_stock',1),('PR0073','sup_stock',1),('PR0081','supplier_update_acknowledge',0),('PR0082','sup_stock',1),('PR0083','sup_stock',1),('PR0084','sup_stock',1),('PR0085','sup_stock',1),('PR0086','sup_stock',1),('PR0087','sup_stock',1),('PR0088','supplier_update_acknowledge',0),('PR0089','sup_stock',1),('PR0090','sup_stock',1),('PR0091','sup_stock',1),('PR0092','sup_stock',1),('PR0093','sup_stock',1),('PR0093','supplier_update_acknowledge',0),('PR0094','supplier_update_acknowledge',0),('PR0095','sup_stock',1),('PR0096','sup_stock',1),('PR0097','sup_stock',1),('PR0098','supplier_update_acknowledge',0),('PR0099','sup_stock',1),('PR0100','sup_stock',1),('PR0101','sup_stock',1),('PR0102','sup_stock',1),('PR0102','supplier_update_acknowledge',0),('PR0105','sup_stock',1),('PR0105','supplier_update_acknowledge',0),('PR0108','sup_stock',1),('PR0108','supplier_update_acknowledge',0),('PR0109','sup_stock',1),('PR0109','supplier_update_acknowledge',0),('PR0112','sup_stock',1),('PR0112','supplier_update_acknowledge',0),('PR0113','sup_stock',1),('PR0113','supplier_update_acknowledge',0),('PR0114','sup_stock',1),('PR0114','supplier_update_acknowledge',0),('PR0115','sup_stock',1),('PR0115','supplier_update_acknowledge',0),('PR0116','sup_stock',1),('PR0116','supplier_update_acknowledge',0),('PR0117','sup_stock',1),('PR0117','supplier_update_acknowledge',0),('PR0118','sup_stock',1),('PR0118','supplier_update_acknowledge',0),('PR0121','sup_stock',1),('PR0121','supplier_update_acknowledge',0),('PR0126','sup_stock',1),('PR0126','supplier_update_acknowledge',0),('PR0131','sup_stock',1),('PR0131','supplier_update_acknowledge',0),('PR0132','sup_stock',1),('PR0132','supplier_update_acknowledge',0),('PR0133','sup_stock',1),('PR0133','supplier_update_acknowledge',0),('PR0134','sup_stock',1),('PR0134','supplier_update_acknowledge',0),('PR0135','sup_stock',1),('PR0135','supplier_update_acknowledge',0),('PR0136','sup_stock',1),('PR0136','supplier_update_acknowledge',0),('PR0142','sup_stock',1),('PR0142','supplier_update_acknowledge',0),('PR0143','sup_stock',1),('PR0143','supplier_update_acknowledge',0),('PR0144','sup_stock',1),('PR0144','supplier_update_acknowledge',0),('PR0145','sup_stock',1),('PR0145','supplier_update_acknowledge',0),('PR0146','sup_stock',1),('PR0146','supplier_update_acknowledge',0),('PR0147','sup_stock',1),('PR0147','supplier_update_acknowledge',0),('PR0148','sup_stock',1),('PR0148','supplier_update_acknowledge',0),('PR0149','sup_stock',1),('PR0149','supplier_update_acknowledge',0),('PR0150','sup_stock',1),('PR0150','supplier_update_acknowledge',0),('PR0151','sup_stock',1),('PR0151','supplier_update_acknowledge',0),('PR0156','sup_stock',1),('PR0156','supplier_update_acknowledge',0),('PR0160','sup_stock',1),('PR0160','supplier_update_acknowledge',0),('PR0164','sup_stock',1),('PR0164','supplier_update_acknowledge',0),('PR0167','sup_stock',1),('PR0167','supplier_update_acknowledge',0),('PR0168','sup_stock',1),('PR0168','supplier_update_acknowledge',0),('PR0169','sup_stock',1),('PR0169','supplier_update_acknowledge',0),('PR0170','sup_stock',1),('PR0170','supplier_update_acknowledge',0),('PR0171','sup_stock',1),('PR0171','supplier_update_acknowledge',0),('PR0178','sup_stock',1),('PR0178','supplier_update_acknowledge',0),('PR0183','sup_stock',1),('PR0183','supplier_update_acknowledge',0);
/*!40000 ALTER TABLE `product_eav_int` ENABLE KEYS */;
UNLOCK TABLES;

--
-- Table structure for table `product_eav_multi_value`
--

DROP TABLE IF EXISTS `product_eav_multi_value`;
/*!40101 SET @saved_cs_client     = @@character_set_client */;
/*!50503 SET character_set_client = utf8mb4 */;
CREATE TABLE `product_eav_multi_value` (
  `entity_id` varchar(50) NOT NULL,
  `attribute_id` varchar(50) NOT NULL,
  `value` text NOT NULL,
  `sort_order` int DEFAULT NULL
) ENGINE=InnoDB DEFAULT CHARSET=utf8mb4 COLLATE=utf8mb4_0900_ai_ci;
/*!40101 SET character_set_client = @saved_cs_client */;

--
-- Dumping data for table `product_eav_multi_value`
--

LOCK TABLES `product_eav_multi_value` WRITE;
/*!40000 ALTER TABLE `product_eav_multi_value` DISABLE KEYS */;
INSERT INTO `product_eav_multi_value` VALUES ('PR0007','gallery','/public/image/product/large/hoco_m74_black.jpg',1),('PR0008','gallery','/public/image/product/large/borofone_bm34_black.jpg',1),('PR0008','gallery','/public/image/product/large/borofone_bm34_white.jpg',2),('PR0008','gallery','/public/image/product/large/borofone_bm34_01.jpg',3),('PR0008','gallery','/public/image/product/large/borofone_bm34_02.jpg',4),('PR0012','gallery','/public/image/product/large/tws_amoi_f9.jpg',1),('PR0016','gallery','/public/image/product/large/hoco_es41_01.jpg',1),('PR0016','gallery','/public/image/product/large/hoco_es41_02.jpg',2),('PR0016','gallery','/public/image/product/large/hoco_es41_03.jpg',3),('PR0017','gallery','/public/image/product/large/hoco_es41_white.jpg',1),('PR0018','gallery','/public/image/product/large/hoco_es41_black.jpg',1),('PR0019','gallery','/public/image/product/large/hoco_es45_02.jpg',1),('PR0019','gallery','/public/image/product/large/hoco_es45_01.jpg',2),('PR0019','gallery','/public/image/product/large/hoco_es45_03.jpg',3),('PR0020','gallery','/public/image/product/large/hoco_es45_white.jpg',1),('PR0021','gallery','/public/image/product/large/hoco_es45_black_01.jpg',1),('PR0021','gallery','/public/image/product/large/hoco_es45_black_02.jpg',2),('PR0022','gallery','/public/image/product/large/hoco_w103_03.jpg',1),('PR0022','gallery','/public/image/product/large/hoco_w103_02.jpg',2),('PR0022','gallery','/public/image/product/large/hoco_w103_01.jpg',3),('PR0022','gallery','/public/image/product/large/hoco_w103_04.jpg',4),('PR0023','gallery','/public/image/product/large/hoco_w103_red.jpg',1),('PR0024','gallery','/public/image/product/large/hoco_w103_black.jpg',1),('PR0025','gallery','/public/image/product/large/vsp_vx3_01.jpg',1),('PR0025','gallery','/public/image/product/large/vsp_vx3_02.jpg',2),('PR0025','gallery','/public/image/product/large/vsp_vx3_03.jpg',3),('PR0025','gallery','/public/image/product/large/vsp_vx3_04.jpg',4),('PR0025','gallery','/public/image/product/large/vsp_vx3_05.jpg',5),('PR0026','gallery','/public/image/product/large/vsp_exavp_ex220.jpg',1),('PR0026','gallery','/public/image/product/large/vsp_exavp_ex220_02.jpg',2),('PR0026','gallery','/public/image/product/large/vsp_exavp_ex220_03.jpg',3),('PR0029','gallery','/public/image/product/large/vsp_exavp_n61_02.jpg',1),('PR0029','gallery','/public/image/product/large/vsp_exavp_n61_01.jpg',2),('PR0029','gallery','/public/image/product/large/vsp_exavp_n61_03.jpg',3),('PR0030','gallery','/public/image/product/large/vsp_exavp_n62_01.jpg',1),('PR0030','gallery','/public/image/product/large/vsp_exavp_n62_02.jpg',2),('PR0030','gallery','/public/image/product/large/vsp_exavp_n62_03.jpg',3),('PR0031','gallery','/public/image/product/large/borofone_bo8_01.jpg',1),('PR0031','gallery','/public/image/product/large/borofone_bo8_02.jpg',2),('PR0031','gallery','/public/image/product/large/borofone_bo8_03.jpg',3),('PR0032','gallery','/public/image/product/large/borofone_bo8_white.jpg',1),('PR0034','gallery','/public/image/product/large/hoco_w27_01.jpg',1),('PR0034','gallery','/public/image/product/large/hoco_w27_02.jpg',2),('PR0034','gallery','/public/image/product/large/hoco_w27_03.jpg',3),('PR0035','gallery','/public/image/product/large/hoco_w27_pink.jpg',1),('PR0036','gallery','/public/image/product/large/hoco_w27_gray.jpg',1),('PR0037','gallery','/public/image/product/large/borofone_bt21_10000mah_01.jpg',1),('PR0037','gallery','/public/image/product/large/borofone_bt21_10000mah_02.jpg',2),('PR0037','gallery','/public/image/product/large/borofone_bt21_10000mah_03.jpg',3),('PR0038','gallery','/public/image/product/large/borofone_bt21_10000mah_white.jpg',1),('PR0040','gallery','/public/image/product/large/hoco_j48_02.jpg',1),('PR0040','gallery','/public/image/product/large/hoco_j48_01.jpg',2),('PR0040','gallery','/public/image/product/large/hoco_j48_03.jpg',3),('PR0041','gallery','/public/image/product/large/hoco_j48_white.jpg',1),('PR0042','gallery','/public/image/product/large/hoco_j48_black_01.jpg',1),('PR0042','gallery','/public/image/product/large/hoco_j48_black_02.jpg',2),('PR0056','gallery','/public/image/product/large/hoco_j60_02.jpg',1),('PR0056','gallery','/public/image/product/large/hoco_j60_01.jpg',2),('PR0056','gallery','/public/image/product/large/hoco_j60_03.jpg',3),('PR0057','gallery','/public/image/product/large/hoco_j60_black.jpg',1),('PR0058','gallery','/public/image/product/large/hoco_j60_white_01.jpg',1),('PR0058','gallery','/public/image/product/large/hoco_j60_white_02.jpg',2),('PR0060','gallery','/public/image/product/large/hoco_c39_04.jpg',1),('PR0060','gallery','/public/image/product/large/hoco_c39_01.jpg',2),('PR0060','gallery','/public/image/product/large/hoco_c39_03.jpg',3),('PR0061','gallery','/public/image/product/large/hoco_c39_02.jpg',1),('PR0062','gallery','/public/image/product/large/hoco_c39_black.jpg',1),('PR0064','gallery','/public/image/product/large/hoco_c80_03.jpg',1),('PR0064','gallery','/public/image/product/large/hoco_c80_02.jpg',2),('PR0064','gallery','/public/image/product/large/hoco_c80_01.jpg',3),('PR0064','gallery','/public/image/product/large/hoco_c80_04.jpg',4),('PR0068','gallery','/public/image/product/large/romoss_lightning_cable.jpg',1),('PR0069','gallery','/public/image/product/large/hoco_u55_05.jpg',1),('PR0069','gallery','/public/image/product/large/hoco_u55_04.jpg',2),('PR0069','gallery','/public/image/product/large/hoco_u55_01.jpg',3),('PR0069','gallery','/public/image/product/large/hoco_u55_03.jpg',4),('PR0074','gallery','/public/image/product/large/hoco_u70_01.jpg',1),('PR0074','gallery','/public/image/product/large/hoco_u70_02.jpg',2),('PR0074','gallery','/public/image/product/large/hoco_u70_03.jpg',3),('PR0075','gallery','/public/image/product/large/hoco_u70_typec.jpg',1),('PR0077','gallery','/public/image/product/large/hoco_u70_microusb.jpg',1),('PR0078','gallery','/public/image/product/large/hoco_u70_microusb.jpg',1),('PR0079','gallery','/public/image/product/large/hoco_u70_lightning.jpg',1),('PR0080','gallery','/public/image/product/large/hoco_u70_lightning.jpg',1),('PR0088','gallery','/public/image/product/large/borofone_bx32_03.jpg',1),('PR0088','gallery','/public/image/product/large/borofone_bx32_01.jpg',2),('PR0088','gallery','/public/image/product/large/borofone_bx32_02.jpg',3),('PR0088','gallery','/public/image/product/large/borofone_bx32_04.jpg',4),('PR0089','gallery','/public/image/product/large/borofone_bx32_microusb.jpg',1),('PR0090','gallery','/public/image/product/large/borofone_bx32_microusb.jpg',1),('PR0091','gallery','/public/image/product/large/borofone_bx32_typec.jpg',1),('PR0092','gallery','/public/image/product/large/borofone_bx32_typec.jpg',1),('PR0093','gallery','/public/image/product/large/hoco_x56_typec_to_lightning_02.jpg',1),('PR0093','gallery','/public/image/product/large/hoco_x56_typec_to_lightning_03.jpg',2),('PR0093','gallery','/public/image/product/large/hoco_x56_typec_to_lightning.jpg',3),('PR0093','gallery','/public/image/product/large/hoco_x56_typec_to_lightning_04.jpg',4),('PR0093','gallery','/public/image/product/large/hoco_x56_typec_to_lightning_05.jpg',5),('PR0098','gallery','/public/image/product/large/borofone_ba25_02.jpg',1),('PR0098','gallery','/public/image/product/large/borofone_ba25_01.jpg',2),('PR0098','gallery','/public/image/product/large/borofone_ba25_03.jpg',3),('PR0099','gallery','/public/image/product/large/borofone_ba25_microusb.jpg',1),('PR0099','gallery','/public/image/product/large/borofone_ba25_microusb_02.jpg',2),('PR0102','gallery','/public/image/product/large/bosston_m15_01.jpg',1),('PR0102','gallery','/public/image/product/large/bosston_m15_02.jpg',2),('PR0102','gallery','/public/image/product/large/bosston_m15_03.jpg',3),('PR0105','gallery','/public/image/product/large/bosston_d608_01.jpg',1),('PR0105','gallery','/public/image/product/large/bosston_d608_02.jpg',2),('PR0105','gallery','/public/image/product/large/bosston_d608_03.jpg',3),('PR0108','gallery','/public/image/product/large/bosston_r30a.jpg',1),('PR0108','gallery','/public/image/product/large/bosston_r30a_02.jpg',2),('PR0108','gallery','/public/image/product/large/bosston_r30a_03.jpg',3),('PR0109','gallery','/public/image/product/large/bosston_gm100_black.jpg',1),('PR0109','gallery','/public/image/product/large/bosston_gm100_03.jpg',2),('PR0110','gallery','/public/image/product/large/bosston_gm100_white.jpg',1),('PR0111','gallery','/public/image/product/large/bosston_gm100_black.jpg',1),('PR0112','gallery','/public/image/product/large/imice_v9_black_02.jpg',1),('PR0112','gallery','/public/image/product/large/imice_v9_black.jpg',2),('PR0112','gallery','/public/image/product/large/imice_v9_02.jpg',3),('PR0112','gallery','/public/image/product/large/imice_v9_01.jpg',4),('PR0112','gallery','/public/image/product/large/imice_v9_white.jpg',5),('PR0113','gallery','/public/image/product/large/apedra_m5_02.jpg',1),('PR0113','gallery','/public/image/product/large/apedra_m5_01.jpg',2),('PR0113','gallery','/public/image/product/large/apedra_m5_03.jpg',3),('PR0115','gallery','/public/image/product/large/rainbow_gear_r102_01.jpg',1),('PR0115','gallery','/public/image/product/large/rainbow_gear_r102_02.jpg',2),('PR0116','gallery','/public/image/product/large/rainbow_gear_r350_02.jpg',1),('PR0116','gallery','/public/image/product/large/rainbow_gear_r350_03.jpg',2),('PR0116','gallery','/public/image/product/large/rainbow_gear_r350_01.jpg',3),('PR0116','gallery','/public/image/product/large/rainbow_gear_r350_04.jpg',4),('PR0117','gallery','/public/image/product/large/newmen_f266_01.jpg',1),('PR0117','gallery','/public/image/product/large/newmen_f266_03.jpg',2),('PR0117','gallery','/public/image/product/large/newmen_f266_silver_01.jpg',3),('PR0117','gallery','/public/image/product/large/newmen_f266_silver_02.jpg',4),('PR0118','gallery','/public/image/product/large/fd_i2.jpg',1),('PR0119','gallery','/public/image/product/large/fd_i2_yellow.jpg',1),('PR0120','gallery','/public/image/product/large/fd_i2_blue.jpg',1),('PR0122','gallery','/public/image/product/large/fd_i882_red.jpg',1),('PR0123','gallery','/public/image/product/large/fd_i882_blue.jpg',1),('PR0124','gallery','/public/image/product/large/fd_i882_white.jpg',1),('PR0125','gallery','/public/image/product/large/fd_i882_black_01.jpg',1),('PR0125','gallery','/public/image/product/large/fd_i882_black_02.jpg',2),('PR0126','gallery','/public/image/product/large/fd_v8.jpg',1),('PR0127','gallery','/public/image/product/large/fd_v8_green.jpg',1),('PR0128','gallery','/public/image/product/large/fd_v8_blue.jpg',1),('PR0129','gallery','/public/image/product/large/fd_v8_pink.jpg',1),('PR0130','gallery','/public/image/product/large/fd_v8_gray.jpg',1),('PR0131','gallery','/public/image/product/large/twolf_q13_01.jpg',1),('PR0131','gallery','/public/image/product/large/twolf_q13_02.jpg',2),('PR0132','gallery','/public/image/product/large/razer_x3.jpg',1),('PR0133','gallery','/public/image/product/large/padmouse_s6_03.jpg',1),('PR0133','gallery','/public/image/product/large/padmouse_s6_01.jpg',2),('PR0133','gallery','/public/image/product/large/padmouse_s6_02.jpg',3),('PR0134','gallery','/public/image/product/large/padmouse_s9_01.jpg',1),('PR0134','gallery','/public/image/product/large/padmouse_s9_02.jpg',2),('PR0135','gallery','/public/image/product/large/padmouse_estone.jpg',1),('PR0136','gallery','/public/image/product/large/padmouse_imice_01.jpg',1),('PR0136','gallery','/public/image/product/large/padmouse_imice_02.jpg',2),('PR0136','gallery','/public/image/product/large/padmouse_imice_03.jpg',3),('PR0136','gallery','/public/image/product/large/padmouse_imice_04.jpg',4),('PR0142','gallery','/public/image/product/large/bosston_868mini_02.jpg',1),('PR0142','gallery','/public/image/product/large/bosston_868mini_01.jpg',2),('PR0143','gallery','/public/image/product/large/bosston_k830_01.jpg',1),('PR0143','gallery','/public/image/product/large/bosston_k830_02.jpg',2),('PR0144','gallery','/public/image/product/large/newmen_e340_01.jpg',1),('PR0144','gallery','/public/image/product/large/newmen_e340_02.jpg',2),('PR0144','gallery','/public/image/product/large/newmen_e340_03.jpg',3),('PR0145','gallery','/public/image/product/large/twolf_tf20_01.jpg',1),('PR0145','gallery','/public/image/product/large/twolf_tf20_02.jpg',2),('PR0145','gallery','/public/image/product/large/twolf_tf20_03.jpg',3),('PR0146','gallery','/public/image/product/large/bosston_808_01.jpg',1),('PR0146','gallery','/public/image/product/large/bosston_808_02.jpg',2),('PR0146','gallery','/public/image/product/large/bosston_808_03.jpg',3),('PR0147','gallery','/public/image/product/large/bosston_k380_01.jpg',1),('PR0147','gallery','/public/image/product/large/bosston_k380_02.jpg',2),('PR0147','gallery','/public/image/product/large/bosston_k380_03.jpg',3),('PR0148','gallery','/public/image/product/large/bosston_mk912_01.jpg',1),('PR0148','gallery','/public/image/product/large/bosston_mk912_02.jpg',2),('PR0149','gallery','/public/image/product/large/hp_gk320_04.jpg',1),('PR0149','gallery','/public/image/product/large/hp_gk320_03.jpg',2),('PR0150','gallery','/public/image/product/large/philips_spk8614gr_01.jpg',1),('PR0150','gallery','/public/image/product/large/philips_spk8614gr_02.jpg',2),('PR0150','gallery','/public/image/product/large/philips_spk8614gr_03.jpg',3),('PR0150','gallery','/public/image/product/large/philips_spk8614gr_06.jpg',4),('PR0150','gallery','/public/image/product/large/philips_spk8614gr_05.jpg',5),('PR0150','gallery','/public/image/product/large/philips_spk8614gr_04.jpg',6),('PR0151','gallery','/public/image/product/large/fd_ik1500_01.jpg',1),('PR0152','gallery','/public/image/product/large/fd_ik1500_red.jpg',1),('PR0153','gallery','/public/image/product/large/fd_ik1500_blue.jpg',1),('PR0154','gallery','/public/image/product/large/fd_ik1500_yellow.jpg',1),('PR0155','gallery','/public/image/product/large/fd_ik1500_black.jpg',1),('PR0156','gallery','/public/image/product/large/simetech_sm9000mini_blue.jpg',1),('PR0156','gallery','/public/image/product/large/simetech_sm9000mini_pink.jpg',2),('PR0156','gallery','/public/image/product/large/simetech_sm9000mini_02.jpg',3),('PR0157','gallery','/public/image/product/large/simetech_sm9000mini_blue.jpg',1),('PR0158','gallery','/public/image/product/large/simetech_sm9000mini_pink.jpg',1),('PR0160','gallery','/public/image/product/large/pspy_k68_01.jpg',1),('PR0161','gallery','/public/image/product/large/pspy_k68_yellow_01.jpg',1),('PR0161','gallery','/public/image/product/large/pspy_k68_yellow_02.jpg',2),('PR0161','gallery','/public/image/product/large/pspy_k68_yellow_03.jpg',3),('PR0162','gallery','/public/image/product/large/pspy_k68_blue_01.jpg',1),('PR0163','gallery','/public/image/product/large/pspy_k68_black_01.jpg',1),('PR0163','gallery','/public/image/product/large/pspy_k68_black_02.jpg',2),('PR0164','gallery','/public/image/product/large/fd_ik7300_01.jpg',1),('PR0164','gallery','/public/image/product/large/fd_ik7300_03.jpg',2),('PR0164','gallery','/public/image/product/large/fd_ik7300_02.jpg',3),('PR0165','gallery','/public/image/product/large/fd_ik7300_black_01.jpg',1),('PR0166','gallery','/public/image/product/large/fd_ik7300_white_01.jpg',1),('PR0183','gallery','/public/image/product/large/lanex_w05_02.jpg',1),('PR0183','gallery','/public/image/product/large/lanex_w05_03.jpg',2),('PR0183','gallery','/public/image/product/large/lanex_w05_01.jpg',3),('PR0183','gallery','/public/image/product/large/lanex_w05_04.jpg',4),('PR0184','gallery','/public/image/product/large/lanex_w05_blue.jpg',1),('PR0185','gallery','/public/image/product/large/lanex_w05_black.jpg',1),('PR0178','gallery','/public/image/product/large/borofone_br2mini_02.jpg',1),('PR0178','gallery','/public/image/product/large/borofone_br2mini_03.jpg',2),('PR0178','gallery','/public/image/product/large/borofone_br2mini_04.jpg',3),('PR0178','gallery','/public/image/product/large/borofone_br2mini_05.jpg',4),('PR0179','gallery','/public/image/product/large/borofone_br2mini_cian.jpg',1),('PR0180','gallery','/public/image/product/large/borofone_br2mini_pink.jpg',1),('PR0181','gallery','/public/image/product/large/borofone_br2mini_white.jpg',1),('PR0182','gallery','/public/image/product/large/borofone_br2mini_black.jpg',1),('PR0171','gallery','/public/image/product/large/borofone_br01_02.jpg',1),('PR0171','gallery','/public/image/product/large/borofone_br01_03.jpg',2),('PR0171','gallery','/public/image/product/large/borofone_br01_06.jpg',3),('PR0171','gallery','/public/image/product/large/borofone_br01_05.jpg',4),('PR0171','gallery','/public/image/product/large/borofone_br01_04.jpg',5),('PR0171','gallery','/public/image/product/large/borofone_br01_01.jpg',6),('PR0167','gallery','/public/image/product/large/vsp_cooler_n27_03.jpg',1),('PR0167','gallery','/public/image/product/large/vsp_cooler_n27_02.jpg',2),('PR0167','gallery','/public/image/product/large/vsp_cooler_n27_01.jpg',3),('PR0168','gallery','/public/image/product/large/vsp_cooler_n22_01.jpg',1),('PR0168','gallery','/public/image/product/large/vsp_cooler_n22_02.jpg',2),('PR0168','gallery','/public/image/product/large/vsp_cooler_n22_04.jpg',3),('PR0168','gallery','/public/image/product/large/vsp_cooler_n22_03.jpg',4),('PR0169','gallery','/public/image/product/large/kisonli_904_01.jpg',1),('PR0169','gallery','/public/image/product/large/kisonli_904_02.jpg',2),('PR0169','gallery','/public/image/product/large/kisonli_904_03.jpg',3),('PR0169','gallery','/public/image/product/large/kisonli_904_04.jpg',4),('PR0169','gallery','/public/image/product/large/kisonli_904_05.jpg',5),('PR0169','gallery','/public/image/product/large/kisonli_904_06.jpg',6),('PR0169','gallery','/public/image/product/large/kisonli_904_07.jpg',7),('PR0170','gallery','/public/image/product/large/kisonli_901_01.jpg',1),('PR0170','gallery','/public/image/product/large/kisonli_901_02.jpg',2),('PR0170','gallery','/public/image/product/large/kisonli_901_03.jpg',3),('PR0170','gallery','/public/image/product/large/kisonli_901_04.jpg',4),('PR0170','gallery','/public/image/product/large/kisonli_901_05.jpg',5),('PR0170','gallery','/public/image/product/large/kisonli_901_06.jpg',6);
/*!40000 ALTER TABLE `product_eav_multi_value` ENABLE KEYS */;
UNLOCK TABLES;

--
-- Table structure for table `product_eav_option`
--

DROP TABLE IF EXISTS `product_eav_option`;
/*!40101 SET @saved_cs_client     = @@character_set_client */;
/*!50503 SET character_set_client = utf8mb4 */;
CREATE TABLE `product_eav_option` (
  `attribute_id` varchar(50) NOT NULL,
  `value` varchar(255) NOT NULL,
  `label` varchar(255) DEFAULT NULL,
  `sort_order` int DEFAULT NULL,
  PRIMARY KEY (`attribute_id`,`value`)
) ENGINE=InnoDB DEFAULT CHARSET=utf8mb4 COLLATE=utf8mb4_0900_ai_ci;
/*!40101 SET character_set_client = @saved_cs_client */;

--
-- Dumping data for table `product_eav_option`
--

LOCK TABLES `product_eav_option` WRITE;
/*!40000 ALTER TABLE `product_eav_option` DISABLE KEYS */;
INSERT INTO `product_eav_option` VALUES ('earbud_jacktype','3.5mm',NULL,1),('warranty','0','Check khi nhận hàng',1),('warranty','2592000000','30 ngày',3),('warranty','5184000000','60 ngày',4),('warranty','604800000','7 ngày',2),('warranty','7776000000','90 ngày',5);
/*!40000 ALTER TABLE `product_eav_option` ENABLE KEYS */;
UNLOCK TABLES;

--
-- Table structure for table `product_eav_text`
--

DROP TABLE IF EXISTS `product_eav_text`;
/*!40101 SET @saved_cs_client     = @@character_set_client */;
/*!50503 SET character_set_client = utf8mb4 */;
CREATE TABLE `product_eav_text` (
  `entity_id` varchar(50) NOT NULL,
  `attribute_id` varchar(50) NOT NULL,
  `value` text NOT NULL,
  PRIMARY KEY (`entity_id`,`attribute_id`)
) ENGINE=InnoDB DEFAULT CHARSET=utf8mb4 COLLATE=utf8mb4_0900_ai_ci;
/*!40101 SET character_set_client = @saved_cs_client */;

--
-- Dumping data for table `product_eav_text`
--

LOCK TABLES `product_eav_text` WRITE;
/*!40000 ALTER TABLE `product_eav_text` DISABLE KEYS */;
INSERT INTO `product_eav_text` VALUES ('PR0002','supplier_updated_info','<ul><li>Date: 5/14/2021 11:08:19 PM</li><li><span style=\"color:red;\">sup_name</span> changes from <span style=\"color:red;\">null</span> to <span style=\"color:red;\">Tai nghe Nhét tai HOCO M1 PRO Chính hãng (Jack Type-C)</span></li>\n<li><span style=\"color:red;\">sup_price</span> changes from <span style=\"color:red;\">null</span> to <span style=\"color:red;\">53000</span></li>\n<li><span style=\"color:red;\">sup_stock</span> changes from <span style=\"color:red;\">null</span> to <span style=\"color:red;\">1</span></li>\n<li><span style=\"color:red;\">sup_warranty</span> changes from <span style=\"color:red;\">null</span> to <span style=\"color:red;\">12T</span></li></ul>'),('PR0003','supplier_updated_info','<ul><li>Date: 5/14/2021 11:08:19 PM</li><li><span style=\"color:red;\">sup_name</span> changes from <span style=\"color:red;\">null</span> to <span style=\"color:red;\">Tai nghe Nhét tai HOCO M1 NPP Chính hãng </span></li>\n<li><span style=\"color:red;\">sup_price</span> changes from <span style=\"color:red;\">null</span> to <span style=\"color:red;\">57000</span></li>\n<li><span style=\"color:red;\">sup_stock</span> changes from <span style=\"color:red;\">null</span> to <span style=\"color:red;\">1</span></li>\n<li><span style=\"color:red;\">sup_warranty</span> changes from <span style=\"color:red;\">null</span> to <span style=\"color:red;\">12T</span></li></ul>'),('PR0004','supplier_updated_info','<ul><li>Date: 5/14/2021 11:08:19 PM</li><li><span style=\"color:red;\">sup_name</span> changes from <span style=\"color:red;\">null</span> to <span style=\"color:red;\">Tai nghe nhét tai HOCO M74 (Nhựa TPE, 1.2m)</span></li>\n<li><span style=\"color:red;\">sup_price</span> changes from <span style=\"color:red;\">null</span> to <span style=\"color:red;\">65000</span></li>\n<li><span style=\"color:red;\">sup_stock</span> changes from <span style=\"color:red;\">null</span> to <span style=\"color:red;\">1</span></li>\n<li><span style=\"color:red;\">sup_warranty</span> changes from <span style=\"color:red;\">null</span> to <span style=\"color:red;\">12T</span></li></ul>'),('PR0008','supplier_updated_info','<ul><li>Date: 5/14/2021 11:08:19 PM</li><li><span style=\"color:red;\">sup_name</span> changes from <span style=\"color:red;\">null</span> to <span style=\"color:red;\">Tai nghe Nhét tai BOROFONE BM34 Black/White/Pink (Có Mic)</span></li>\n<li><span style=\"color:red;\">sup_price</span> changes from <span style=\"color:red;\">null</span> to <span style=\"color:red;\">43000</span></li>\n<li><span style=\"color:red;\">sup_stock</span> changes from <span style=\"color:red;\">null</span> to <span style=\"color:red;\">1</span></li>\n<li><span style=\"color:red;\">sup_warranty</span> changes from <span style=\"color:red;\">null</span> to <span style=\"color:red;\">12T</span></li></ul>'),('PR0012','supplier_updated_info','<ul><li>Date: 5/14/2021 11:08:19 PM</li><li><span style=\"color:red;\">sup_name</span> changes from <span style=\"color:red;\">null</span> to <span style=\"color:red;\">Tai nghe Bluetooth TWS AMOI F9 (v5.0, Cảm ứng, Tích hợp Pin dự phòng, Giá đỡ điện thoại)</span></li>\n<li><span style=\"color:red;\">sup_price</span> changes from <span style=\"color:red;\">null</span> to <span style=\"color:red;\">190000</span></li>\n<li><span style=\"color:red;\">sup_stock</span> changes from <span style=\"color:red;\">null</span> to <span style=\"color:red;\">1</span></li>\n<li><span style=\"color:red;\">sup_warranty</span> changes from <span style=\"color:red;\">null</span> to <span style=\"color:red;\">3T</span></li></ul>'),('PR0013','supplier_updated_info','<ul><li>Date: 5/14/2021 11:08:19 PM</li><li><span style=\"color:red;\">sup_name</span> changes from <span style=\"color:red;\">null</span> to <span style=\"color:red;\">Tai nghe Bluetooth HOCO ES13 Plus Chính hãng (Tai nghe 2 bên, v4.1)</span></li>\n<li><span style=\"color:red;\">sup_price</span> changes from <span style=\"color:red;\">null</span> to <span style=\"color:red;\">185000</span></li>\n<li><span style=\"color:red;\">sup_stock</span> changes from <span style=\"color:red;\">null</span> to <span style=\"color:red;\">1</span></li>\n<li><span style=\"color:red;\">sup_warranty</span> changes from <span style=\"color:red;\">null</span> to <span style=\"color:red;\">12T</span></li></ul>'),('PR0016','supplier_updated_info','<ul><li>Date: 5/14/2021 11:08:19 PM</li><li><span style=\"color:red;\">sup_name</span> changes from <span style=\"color:red;\">null</span> to <span style=\"color:red;\">Tai nghe Bluetooth HOCO ES41 White  Chính hãng (Tai nghe 2 bên, v5.0)</span></li>\n<li><span style=\"color:red;\">sup_price</span> changes from <span style=\"color:red;\">null</span> to <span style=\"color:red;\">320000</span></li>\n<li><span style=\"color:red;\">sup_stock</span> changes from <span style=\"color:red;\">null</span> to <span style=\"color:red;\">1</span></li>\n<li><span style=\"color:red;\">sup_warranty</span> changes from <span style=\"color:red;\">null</span> to <span style=\"color:red;\">12T</span></li></ul>'),('PR0019','supplier_updated_info','<ul><li>Date: 5/14/2021 11:08:19 PM</li><li><span style=\"color:red;\">sup_name</span> changes from <span style=\"color:red;\">null</span> to <span style=\"color:red;\">Tai nghe Bluetooth HOCO ES45 Chính hãng (Cảm ứng 2 bên, v5.0)</span></li>\n<li><span style=\"color:red;\">sup_price</span> changes from <span style=\"color:red;\">null</span> to <span style=\"color:red;\">350000</span></li>\n<li><span style=\"color:red;\">sup_stock</span> changes from <span style=\"color:red;\">null</span> to <span style=\"color:red;\">1</span></li>\n<li><span style=\"color:red;\">sup_warranty</span> changes from <span style=\"color:red;\">null</span> to <span style=\"color:red;\">12T</span></li></ul>'),('PR0022','supplier_updated_info','<ul><li>Date: 5/14/2021 11:08:19 PM</li><li><span style=\"color:red;\">sup_name</span> changes from <span style=\"color:red;\">null</span> to <span style=\"color:red;\">Headphone HOCO W103 Black/Red Gaming Chính hãng (1.2m, Jack Headset tích hợp 3.5mm, có Mic)</span></li>\n<li><span style=\"color:red;\">sup_price</span> changes from <span style=\"color:red;\">null</span> to <span style=\"color:red;\">170000</span></li>\n<li><span style=\"color:red;\">sup_stock</span> changes from <span style=\"color:red;\">null</span> to <span style=\"color:red;\">1</span></li>\n<li><span style=\"color:red;\">sup_warranty</span> changes from <span style=\"color:red;\">null</span> to <span style=\"color:red;\">12T</span></li></ul>'),('PR0025','supplier_updated_info','<ul><li>Date: 5/14/2021 11:08:19 PM</li><li><span style=\"color:red;\">sup_name</span> changes from <span style=\"color:red;\">null</span> to <span style=\"color:red;\">Headphone Gaming ESPORT VX3 LED</span></li>\n<li><span style=\"color:red;\">sup_price</span> changes from <span style=\"color:red;\">null</span> to <span style=\"color:red;\">370000</span></li>\n<li><span style=\"color:red;\">sup_stock</span> changes from <span style=\"color:red;\">null</span> to <span style=\"color:red;\">1</span></li>\n<li><span style=\"color:red;\">sup_warranty</span> changes from <span style=\"color:red;\">null</span> to <span style=\"color:red;\">12T</span></li></ul>'),('PR0026','supplier_updated_info','<ul><li>Date: 5/14/2021 11:08:19 PM</li><li><span style=\"color:red;\">sup_name</span> changes from <span style=\"color:red;\">null</span> to <span style=\"color:red;\">Headphone EXAVP EX220 LED Gaming</span></li>\n<li><span style=\"color:red;\">sup_price</span> changes from <span style=\"color:red;\">null</span> to <span style=\"color:red;\">137000</span></li>\n<li><span style=\"color:red;\">sup_stock</span> changes from <span style=\"color:red;\">null</span> to <span style=\"color:red;\">1</span></li>\n<li><span style=\"color:red;\">sup_warranty</span> changes from <span style=\"color:red;\">null</span> to <span style=\"color:red;\">12T</span></li></ul>'),('PR0029','supplier_updated_info','<ul><li>Date: 5/14/2021 11:08:19 PM</li><li><span style=\"color:red;\">sup_name</span> changes from <span style=\"color:red;\">null</span> to <span style=\"color:red;\">Headphone EXAVP N61 LED Gaming</span></li>\n<li><span style=\"color:red;\">sup_price</span> changes from <span style=\"color:red;\">null</span> to <span style=\"color:red;\">180000</span></li>\n<li><span style=\"color:red;\">sup_stock</span> changes from <span style=\"color:red;\">null</span> to <span style=\"color:red;\">1</span></li>\n<li><span style=\"color:red;\">sup_warranty</span> changes from <span style=\"color:red;\">null</span> to <span style=\"color:red;\">12T</span></li></ul>'),('PR0030','supplier_updated_info','<ul><li>Date: 5/14/2021 11:08:19 PM</li><li><span style=\"color:red;\">sup_name</span> changes from <span style=\"color:red;\">null</span> to <span style=\"color:red;\">Headphone EXAVP N62 LED + Rung Gaming</span></li>\n<li><span style=\"color:red;\">sup_price</span> changes from <span style=\"color:red;\">null</span> to <span style=\"color:red;\">230000</span></li>\n<li><span style=\"color:red;\">sup_stock</span> changes from <span style=\"color:red;\">null</span> to <span style=\"color:red;\">1</span></li>\n<li><span style=\"color:red;\">sup_warranty</span> changes from <span style=\"color:red;\">null</span> to <span style=\"color:red;\">12T</span></li></ul>'),('PR0031','supplier_updated_info','<ul><li>Date: 5/14/2021 11:08:19 PM</li><li><span style=\"color:red;\">sup_name</span> changes from <span style=\"color:red;\">null</span> to <span style=\"color:red;\">Tai nghe Bluetooth Chụp tai BOROFONE BO8 Black/White Chính hãng (Thẻ nhớ)</span></li>\n<li><span style=\"color:red;\">sup_price</span> changes from <span style=\"color:red;\">null</span> to <span style=\"color:red;\">230000</span></li>\n<li><span style=\"color:red;\">sup_stock</span> changes from <span style=\"color:red;\">null</span> to <span style=\"color:red;\">1</span></li>\n<li><span style=\"color:red;\">sup_warranty</span> changes from <span style=\"color:red;\">null</span> to <span style=\"color:red;\">12T</span></li></ul>'),('PR0034','supplier_updated_info','<ul><li>Date: 5/14/2021 11:08:19 PM</li><li><span style=\"color:red;\">sup_name</span> changes from <span style=\"color:red;\">null</span> to <span style=\"color:red;\">Headphone Bluetooth Tai Mèo HOCO W27 Chính hãng (Có Mic)</span></li>\n<li><span style=\"color:red;\">sup_price</span> changes from <span style=\"color:red;\">null</span> to <span style=\"color:red;\">280000</span></li>\n<li><span style=\"color:red;\">sup_stock</span> changes from <span style=\"color:red;\">null</span> to <span style=\"color:red;\">1</span></li>\n<li><span style=\"color:red;\">sup_warranty</span> changes from <span style=\"color:red;\">null</span> to <span style=\"color:red;\">12T</span></li></ul>'),('PR0037','supplier_updated_info','<ul><li>Date: 5/14/2021 11:08:19 PM</li><li><span style=\"color:red;\">sup_name</span> changes from <span style=\"color:red;\">null</span> to <span style=\"color:red;\">Pin dự phòng 10.000mAh BOROFONE BT21 White Chính hãng (Có LCD)</span></li>\n<li><span style=\"color:red;\">sup_price</span> changes from <span style=\"color:red;\">null</span> to <span style=\"color:red;\">155000</span></li>\n<li><span style=\"color:red;\">sup_stock</span> changes from <span style=\"color:red;\">null</span> to <span style=\"color:red;\">1</span></li>\n<li><span style=\"color:red;\">sup_warranty</span> changes from <span style=\"color:red;\">null</span> to <span style=\"color:red;\">12T</span></li></ul>'),('PR0040','supplier_updated_info','<ul><li>Date: 5/14/2021 11:08:19 PM</li><li><span style=\"color:red;\">sup_name</span> changes from <span style=\"color:red;\">null</span> to <span style=\"color:red;\">Pin dự phòng 10.000mAh HOCO J48 Chính hãng (02 cổng USB 2A, POLYMER A+)</span></li>\n<li><span style=\"color:red;\">sup_price</span> changes from <span style=\"color:red;\">null</span> to <span style=\"color:red;\">128000</span></li>\n<li><span style=\"color:red;\">sup_stock</span> changes from <span style=\"color:red;\">null</span> to <span style=\"color:red;\">1</span></li>\n<li><span style=\"color:red;\">sup_warranty</span> changes from <span style=\"color:red;\">null</span> to <span style=\"color:red;\">12T</span></li></ul>'),('PR0043','supplier_updated_info','<ul><li>Date: 5/14/2021 11:08:19 PM</li><li><span style=\"color:red;\">sup_name</span> changes from <span style=\"color:red;\">null</span> to <span style=\"color:red;\">Pin dự phòng 10.000mAh LANEX LPB-N12 Black/Green (Polymer A+, 2 cổng USB 2.1A, màn hình LED)</span></li>\n<li><span style=\"color:red;\">sup_price</span> changes from <span style=\"color:red;\">null</span> to <span style=\"color:red;\">198000</span></li>\n<li><span style=\"color:red;\">sup_stock</span> changes from <span style=\"color:red;\">null</span> to <span style=\"color:red;\">1</span></li>\n<li><span style=\"color:red;\">sup_warranty</span> changes from <span style=\"color:red;\">null</span> to <span style=\"color:red;\">12T</span></li></ul>'),('PR0046','supplier_updated_info','<ul><li>Date: 5/14/2021 11:08:19 PM</li><li><span style=\"color:red;\">sup_name</span> changes from <span style=\"color:red;\">null</span> to <span style=\"color:red;\">Pin dự phòng 10.000mAh LANEX LPB-P06 Black (Polymer A+, 2 cổng USB, 1 cổng Type-C 3.0A, PD, QC3.0, 1</span></li>\n<li><span style=\"color:red;\">sup_price</span> changes from <span style=\"color:red;\">null</span> to <span style=\"color:red;\">257000</span></li>\n<li><span style=\"color:red;\">sup_stock</span> changes from <span style=\"color:red;\">null</span> to <span style=\"color:red;\">1</span></li>\n<li><span style=\"color:red;\">sup_warranty</span> changes from <span style=\"color:red;\">null</span> to <span style=\"color:red;\">12T</span></li></ul>'),('PR0047','supplier_updated_info','<ul><li>Date: 5/14/2021 11:08:19 PM</li><li><span style=\"color:red;\">sup_name</span> changes from <span style=\"color:red;\">null</span> to <span style=\"color:red;\">Pin dự phòng 20.000mAh BOROFONE BT26A White Chính hãng</span></li>\n<li><span style=\"color:red;\">sup_price</span> changes from <span style=\"color:red;\">null</span> to <span style=\"color:red;\">280000</span></li>\n<li><span style=\"color:red;\">sup_stock</span> changes from <span style=\"color:red;\">null</span> to <span style=\"color:red;\">1</span></li>\n<li><span style=\"color:red;\">sup_warranty</span> changes from <span style=\"color:red;\">null</span> to <span style=\"color:red;\">12T</span></li></ul>'),('PR0050','supplier_updated_info','<ul><li>Date: 5/14/2021 11:08:19 PM</li><li><span style=\"color:red;\">sup_name</span> changes from <span style=\"color:red;\">null</span> to <span style=\"color:red;\">Pin dự phòng 20.000mAh LANEX LPB-N18 Black/White (2 cổng USB 2.1A, Đèn LED)</span></li>\n<li><span style=\"color:red;\">sup_price</span> changes from <span style=\"color:red;\">null</span> to <span style=\"color:red;\">210000</span></li>\n<li><span style=\"color:red;\">sup_stock</span> changes from <span style=\"color:red;\">null</span> to <span style=\"color:red;\">1</span></li>\n<li><span style=\"color:red;\">sup_warranty</span> changes from <span style=\"color:red;\">null</span> to <span style=\"color:red;\">12T</span></li></ul>'),('PR0053','supplier_updated_info','<ul><li>Date: 5/14/2021 11:08:19 PM</li><li><span style=\"color:red;\">sup_name</span> changes from <span style=\"color:red;\">null</span> to <span style=\"color:red;\">Pin dự phòng 30.000mAh LANEX LPB-N21 Black/White Chính hãng (2 cổng USB 2.1A, LED) </span></li>\n<li><span style=\"color:red;\">sup_price</span> changes from <span style=\"color:red;\">null</span> to <span style=\"color:red;\">370000</span></li>\n<li><span style=\"color:red;\">sup_stock</span> changes from <span style=\"color:red;\">null</span> to <span style=\"color:red;\">1</span></li>\n<li><span style=\"color:red;\">sup_warranty</span> changes from <span style=\"color:red;\">null</span> to <span style=\"color:red;\">BT</span></li></ul>'),('PR0056','supplier_updated_info','<ul><li>Date: 5/14/2021 11:08:19 PM</li><li><span style=\"color:red;\">sup_name</span> changes from <span style=\"color:red;\">null</span> to <span style=\"color:red;\">Pin dự phòng 30.000mAh HOCO J60 Black/White Chính hãng (4 Cổng USB, LED)</span></li>\n<li><span style=\"color:red;\">sup_price</span> changes from <span style=\"color:red;\">null</span> to <span style=\"color:red;\">372000</span></li>\n<li><span style=\"color:red;\">sup_stock</span> changes from <span style=\"color:red;\">null</span> to <span style=\"color:red;\">1</span></li>\n<li><span style=\"color:red;\">sup_warranty</span> changes from <span style=\"color:red;\">null</span> to <span style=\"color:red;\">12T</span></li></ul>'),('PR0059','supplier_updated_info','<ul><li>Date: 5/14/2021 11:08:19 PM</li><li><span style=\"color:red;\">sup_name</span> changes from <span style=\"color:red;\">null</span> to <span style=\"color:red;\">Cóc sạc HOCO UH102 Chính hãng</span></li>\n<li><span style=\"color:red;\">sup_price</span> changes from <span style=\"color:red;\">null</span> to <span style=\"color:red;\">37000</span></li>\n<li><span style=\"color:red;\">sup_stock</span> changes from <span style=\"color:red;\">null</span> to <span style=\"color:red;\">1</span></li>\n<li><span style=\"color:red;\">sup_warranty</span> changes from <span style=\"color:red;\">null</span> to <span style=\"color:red;\">12T</span></li></ul>'),('PR0060','supplier_updated_info','<ul><li>Date: 5/14/2021 11:08:19 PM</li><li><span style=\"color:red;\">sup_name</span> changes from <span style=\"color:red;\">null</span> to <span style=\"color:red;\">Cóc sạc HOCO C39 2.4A (2 USB – Màn hình LED)</span></li>\n<li><span style=\"color:red;\">sup_price</span> changes from <span style=\"color:red;\">null</span> to <span style=\"color:red;\">67000</span></li>\n<li><span style=\"color:red;\">sup_stock</span> changes from <span style=\"color:red;\">null</span> to <span style=\"color:red;\">1</span></li>\n<li><span style=\"color:red;\">sup_warranty</span> changes from <span style=\"color:red;\">null</span> to <span style=\"color:red;\">12T</span></li></ul>'),('PR0063','supplier_updated_info','<ul><li>Date: 5/14/2021 11:08:19 PM</li><li><span style=\"color:red;\">sup_name</span> changes from <span style=\"color:red;\">null</span> to <span style=\"color:red;\">Cóc sạc nhanh HOCO DC03 PRO MAX (3 cổng USB 3.4A, màn hình LED)</span></li>\n<li><span style=\"color:red;\">sup_price</span> changes from <span style=\"color:red;\">null</span> to <span style=\"color:red;\">85000</span></li>\n<li><span style=\"color:red;\">sup_stock</span> changes from <span style=\"color:red;\">null</span> to <span style=\"color:red;\">1</span></li>\n<li><span style=\"color:red;\">sup_warranty</span> changes from <span style=\"color:red;\">null</span> to <span style=\"color:red;\">12T</span></li></ul>'),('PR0064','supplier_updated_info','<ul><li>Date: 5/14/2021 11:08:19 PM</li><li><span style=\"color:red;\">sup_name</span> changes from <span style=\"color:red;\">null</span> to <span style=\"color:red;\">Cóc sạc nhanh HOCO C80 (1 cổng USB, Type-C 3.1A, QC 3.1, 18W)</span></li>\n<li><span style=\"color:red;\">sup_price</span> changes from <span style=\"color:red;\">null</span> to <span style=\"color:red;\">80000</span></li>\n<li><span style=\"color:red;\">sup_stock</span> changes from <span style=\"color:red;\">null</span> to <span style=\"color:red;\">1</span></li>\n<li><span style=\"color:red;\">sup_warranty</span> changes from <span style=\"color:red;\">null</span> to <span style=\"color:red;\">12T</span></li></ul>'),('PR0065','supplier_updated_info','<ul><li>Date: 5/14/2021 11:08:19 PM</li><li><span style=\"color:red;\">sup_name</span> changes from <span style=\"color:red;\">null</span> to <span style=\"color:red;\">Cáp sạc nhanh HOCO DU10 PRO Type-C (Dây dù, 0.25m, 3.0A)</span></li>\n<li><span style=\"color:red;\">sup_price</span> changes from <span style=\"color:red;\">null</span> to <span style=\"color:red;\">34000</span></li>\n<li><span style=\"color:red;\">sup_stock</span> changes from <span style=\"color:red;\">null</span> to <span style=\"color:red;\">1</span></li>\n<li><span style=\"color:red;\">sup_warranty</span> changes from <span style=\"color:red;\">null</span> to <span style=\"color:red;\">12T</span></li></ul>'),('PR0068','supplier_updated_info','<ul><li>Date: 5/14/2021 11:08:19 PM</li><li><span style=\"color:red;\">sup_name</span> changes from <span style=\"color:red;\">null</span> to <span style=\"color:red;\">Cáp sạc ROMOSS Lightning Dây dẹp Chính hãng</span></li>\n<li><span style=\"color:red;\">sup_price</span> changes from <span style=\"color:red;\">null</span> to <span style=\"color:red;\">55000</span></li>\n<li><span style=\"color:red;\">sup_stock</span> changes from <span style=\"color:red;\">null</span> to <span style=\"color:red;\">1</span></li>\n<li><span style=\"color:red;\">sup_warranty</span> changes from <span style=\"color:red;\">null</span> to <span style=\"color:red;\">12T</span></li></ul>'),('PR0070','supplier_updated_info','<ul><li>Date: 5/14/2021 11:08:19 PM</li><li><span style=\"color:red;\">sup_name</span> changes from <span style=\"color:red;\">null</span> to <span style=\"color:red;\">Cáp sạc nhanh HOCO U55 MicroUSB (Dây dù, 2.4A, 1.2m)</span></li>\n<li><span style=\"color:red;\">sup_price</span> changes from <span style=\"color:red;\">null</span> to <span style=\"color:red;\">39000</span></li>\n<li><span style=\"color:red;\">sup_stock</span> changes from <span style=\"color:red;\">null</span> to <span style=\"color:red;\">1</span></li>\n<li><span style=\"color:red;\">sup_warranty</span> changes from <span style=\"color:red;\">null</span> to <span style=\"color:red;\">12T</span></li></ul>'),('PR0071','supplier_updated_info','<ul><li>Date: 5/14/2021 11:08:19 PM</li><li><span style=\"color:red;\">sup_name</span> changes from <span style=\"color:red;\">null</span> to <span style=\"color:red;\">Cáp sạc nhanh HOCO U55 MicroUSB (Dây dù, 2.4A, 1.2m)</span></li>\n<li><span style=\"color:red;\">sup_price</span> changes from <span style=\"color:red;\">null</span> to <span style=\"color:red;\">39000</span></li>\n<li><span style=\"color:red;\">sup_stock</span> changes from <span style=\"color:red;\">null</span> to <span style=\"color:red;\">1</span></li>\n<li><span style=\"color:red;\">sup_warranty</span> changes from <span style=\"color:red;\">null</span> to <span style=\"color:red;\">12T</span></li></ul>'),('PR0072','supplier_updated_info','<ul><li>Date: 5/14/2021 11:08:19 PM</li><li><span style=\"color:red;\">sup_name</span> changes from <span style=\"color:red;\">null</span> to <span style=\"color:red;\">Cáp sạc nhanh HOCO U55 Type-C (Dây dù, 2.4A, 1.2m)</span></li>\n<li><span style=\"color:red;\">sup_price</span> changes from <span style=\"color:red;\">null</span> to <span style=\"color:red;\">46000</span></li>\n<li><span style=\"color:red;\">sup_stock</span> changes from <span style=\"color:red;\">null</span> to <span style=\"color:red;\">1</span></li>\n<li><span style=\"color:red;\">sup_warranty</span> changes from <span style=\"color:red;\">null</span> to <span style=\"color:red;\">12T</span></li></ul>'),('PR0073','supplier_updated_info','<ul><li>Date: 5/14/2021 11:08:19 PM</li><li><span style=\"color:red;\">sup_name</span> changes from <span style=\"color:red;\">null</span> to <span style=\"color:red;\">Cáp sạc nhanh HOCO U55 Type-C (Dây dù, 2.4A, 1.2m)</span></li>\n<li><span style=\"color:red;\">sup_price</span> changes from <span style=\"color:red;\">null</span> to <span style=\"color:red;\">46000</span></li>\n<li><span style=\"color:red;\">sup_stock</span> changes from <span style=\"color:red;\">null</span> to <span style=\"color:red;\">1</span></li>\n<li><span style=\"color:red;\">sup_warranty</span> changes from <span style=\"color:red;\">null</span> to <span style=\"color:red;\">12T</span></li></ul>'),('PR0082','supplier_updated_info','<ul><li>Date: 5/14/2021 11:08:19 PM</li><li><span style=\"color:red;\">sup_name</span> changes from <span style=\"color:red;\">null</span> to <span style=\"color:red;\">Cáp sạc nhanh HOCO DU10 Max Lightning (Dây dù, 3.0A, 2m) </span></li>\n<li><span style=\"color:red;\">sup_price</span> changes from <span style=\"color:red;\">null</span> to <span style=\"color:red;\">47000</span></li>\n<li><span style=\"color:red;\">sup_stock</span> changes from <span style=\"color:red;\">null</span> to <span style=\"color:red;\">1</span></li>\n<li><span style=\"color:red;\">sup_warranty</span> changes from <span style=\"color:red;\">null</span> to <span style=\"color:red;\">12T</span></li></ul>'),('PR0083','supplier_updated_info','<ul><li>Date: 5/14/2021 11:08:19 PM</li><li><span style=\"color:red;\">sup_name</span> changes from <span style=\"color:red;\">null</span> to <span style=\"color:red;\">Cáp sạc nhanh HOCO DU10 Max Lightning (Dây dù, 3.0A, 2m) </span></li>\n<li><span style=\"color:red;\">sup_price</span> changes from <span style=\"color:red;\">null</span> to <span style=\"color:red;\">47000</span></li>\n<li><span style=\"color:red;\">sup_stock</span> changes from <span style=\"color:red;\">null</span> to <span style=\"color:red;\">1</span></li>\n<li><span style=\"color:red;\">sup_warranty</span> changes from <span style=\"color:red;\">null</span> to <span style=\"color:red;\">12T</span></li></ul>'),('PR0084','supplier_updated_info','<ul><li>Date: 5/14/2021 11:08:19 PM</li><li><span style=\"color:red;\">sup_name</span> changes from <span style=\"color:red;\">null</span> to <span style=\"color:red;\">Cáp sạc nhanh HOCO DU10 Max MicroUSB (Dây dù, 3.0A, 2m)</span></li>\n<li><span style=\"color:red;\">sup_price</span> changes from <span style=\"color:red;\">null</span> to <span style=\"color:red;\">45000</span></li>\n<li><span style=\"color:red;\">sup_stock</span> changes from <span style=\"color:red;\">null</span> to <span style=\"color:red;\">1</span></li>\n<li><span style=\"color:red;\">sup_warranty</span> changes from <span style=\"color:red;\">null</span> to <span style=\"color:red;\">12T</span></li></ul>'),('PR0085','supplier_updated_info','<ul><li>Date: 5/14/2021 11:08:19 PM</li><li><span style=\"color:red;\">sup_name</span> changes from <span style=\"color:red;\">null</span> to <span style=\"color:red;\">Cáp sạc nhanh HOCO DU10 Max MicroUSB (Dây dù, 3.0A, 2m)</span></li>\n<li><span style=\"color:red;\">sup_price</span> changes from <span style=\"color:red;\">null</span> to <span style=\"color:red;\">45000</span></li>\n<li><span style=\"color:red;\">sup_stock</span> changes from <span style=\"color:red;\">null</span> to <span style=\"color:red;\">1</span></li>\n<li><span style=\"color:red;\">sup_warranty</span> changes from <span style=\"color:red;\">null</span> to <span style=\"color:red;\">12T</span></li></ul>'),('PR0086','supplier_updated_info','<ul><li>Date: 5/14/2021 11:08:19 PM</li><li><span style=\"color:red;\">sup_name</span> changes from <span style=\"color:red;\">null</span> to <span style=\"color:red;\">Cáp sạc nhanh HOCO DU10 Max Type-C (Dây dù, 3.0A, 2m)</span></li>\n<li><span style=\"color:red;\">sup_price</span> changes from <span style=\"color:red;\">null</span> to <span style=\"color:red;\">43000</span></li>\n<li><span style=\"color:red;\">sup_stock</span> changes from <span style=\"color:red;\">null</span> to <span style=\"color:red;\">1</span></li>\n<li><span style=\"color:red;\">sup_warranty</span> changes from <span style=\"color:red;\">null</span> to <span style=\"color:red;\">12T</span></li></ul>'),('PR0087','supplier_updated_info','<ul><li>Date: 5/14/2021 11:08:19 PM</li><li><span style=\"color:red;\">sup_name</span> changes from <span style=\"color:red;\">null</span> to <span style=\"color:red;\">Cáp sạc nhanh HOCO DU10 Max Type-C (Dây dù, 3.0A, 2m)</span></li>\n<li><span style=\"color:red;\">sup_price</span> changes from <span style=\"color:red;\">null</span> to <span style=\"color:red;\">43000</span></li>\n<li><span style=\"color:red;\">sup_stock</span> changes from <span style=\"color:red;\">null</span> to <span style=\"color:red;\">1</span></li>\n<li><span style=\"color:red;\">sup_warranty</span> changes from <span style=\"color:red;\">null</span> to <span style=\"color:red;\">12T</span></li></ul>'),('PR0089','supplier_updated_info','<ul><li>Date: 5/14/2021 11:08:19 PM</li><li><span style=\"color:red;\">sup_name</span> changes from <span style=\"color:red;\">null</span> to <span style=\"color:red;\">Cáp sạc BOROFONE BX32 MicroUSB (Nhựa TPE, 0.25m)</span></li>\n<li><span style=\"color:red;\">sup_price</span> changes from <span style=\"color:red;\">null</span> to <span style=\"color:red;\">27000</span></li>\n<li><span style=\"color:red;\">sup_stock</span> changes from <span style=\"color:red;\">null</span> to <span style=\"color:red;\">1</span></li>\n<li><span style=\"color:red;\">sup_warranty</span> changes from <span style=\"color:red;\">null</span> to <span style=\"color:red;\">12T</span></li></ul>'),('PR0090','supplier_updated_info','<ul><li>Date: 5/14/2021 11:08:19 PM</li><li><span style=\"color:red;\">sup_name</span> changes from <span style=\"color:red;\">null</span> to <span style=\"color:red;\">Cáp sạc BOROFONE BX32 MicroUSB (Nhựa TPE, 0.25m)</span></li>\n<li><span style=\"color:red;\">sup_price</span> changes from <span style=\"color:red;\">null</span> to <span style=\"color:red;\">27000</span></li>\n<li><span style=\"color:red;\">sup_stock</span> changes from <span style=\"color:red;\">null</span> to <span style=\"color:red;\">1</span></li>\n<li><span style=\"color:red;\">sup_warranty</span> changes from <span style=\"color:red;\">null</span> to <span style=\"color:red;\">12T</span></li></ul>'),('PR0091','supplier_updated_info','<ul><li>Date: 5/14/2021 11:08:19 PM</li><li><span style=\"color:red;\">sup_name</span> changes from <span style=\"color:red;\">null</span> to <span style=\"color:red;\">Cáp sạc BOROFONE BX32 Type-C (Nhựa TPE, 0.25m)</span></li>\n<li><span style=\"color:red;\">sup_price</span> changes from <span style=\"color:red;\">null</span> to <span style=\"color:red;\">30000</span></li>\n<li><span style=\"color:red;\">sup_stock</span> changes from <span style=\"color:red;\">null</span> to <span style=\"color:red;\">1</span></li>\n<li><span style=\"color:red;\">sup_warranty</span> changes from <span style=\"color:red;\">null</span> to <span style=\"color:red;\">12T</span></li></ul>'),('PR0092','supplier_updated_info','<ul><li>Date: 5/14/2021 11:08:19 PM</li><li><span style=\"color:red;\">sup_name</span> changes from <span style=\"color:red;\">null</span> to <span style=\"color:red;\">Cáp sạc BOROFONE BX32 Type-C (Nhựa TPE, 0.25m)</span></li>\n<li><span style=\"color:red;\">sup_price</span> changes from <span style=\"color:red;\">null</span> to <span style=\"color:red;\">30000</span></li>\n<li><span style=\"color:red;\">sup_stock</span> changes from <span style=\"color:red;\">null</span> to <span style=\"color:red;\">1</span></li>\n<li><span style=\"color:red;\">sup_warranty</span> changes from <span style=\"color:red;\">null</span> to <span style=\"color:red;\">12T</span></li></ul>'),('PR0093','supplier_updated_info','<ul><li>Date: 5/14/2021 11:08:19 PM</li><li><span style=\"color:red;\">sup_name</span> changes from <span style=\"color:red;\">null</span> to <span style=\"color:red;\">Cáp sạc nhanh HOCO X56 Type-C to Lightning White (3.0A, Nylon Fiber, PD 20W, 1m)</span></li>\n<li><span style=\"color:red;\">sup_price</span> changes from <span style=\"color:red;\">null</span> to <span style=\"color:red;\">73000</span></li>\n<li><span style=\"color:red;\">sup_stock</span> changes from <span style=\"color:red;\">null</span> to <span style=\"color:red;\">1</span></li>\n<li><span style=\"color:red;\">sup_warranty</span> changes from <span style=\"color:red;\">null</span> to <span style=\"color:red;\">12T</span></li></ul>'),('PR0095','supplier_updated_info','<ul><li>Date: 5/14/2021 11:08:19 PM</li><li><span style=\"color:red;\">sup_name</span> changes from <span style=\"color:red;\">null</span> to <span style=\"color:red;\">Bộ sạc nhanh HOCO DC28 Lightning (2 cổng USB, 5A max, LED, 1m)</span></li>\n<li><span style=\"color:red;\">sup_price</span> changes from <span style=\"color:red;\">null</span> to <span style=\"color:red;\">79000</span></li>\n<li><span style=\"color:red;\">sup_stock</span> changes from <span style=\"color:red;\">null</span> to <span style=\"color:red;\">1</span></li>\n<li><span style=\"color:red;\">sup_warranty</span> changes from <span style=\"color:red;\">null</span> to <span style=\"color:red;\">12T</span></li></ul>'),('PR0096','supplier_updated_info','<ul><li>Date: 5/14/2021 11:08:19 PM</li><li><span style=\"color:red;\">sup_name</span> changes from <span style=\"color:red;\">null</span> to <span style=\"color:red;\">Bộ sạc nhanh HOCO DC28 Type-C (2 cổng USB, 5A max, LED, 1m)</span></li>\n<li><span style=\"color:red;\">sup_price</span> changes from <span style=\"color:red;\">null</span> to <span style=\"color:red;\">84000</span></li>\n<li><span style=\"color:red;\">sup_stock</span> changes from <span style=\"color:red;\">null</span> to <span style=\"color:red;\">1</span></li>\n<li><span style=\"color:red;\">sup_warranty</span> changes from <span style=\"color:red;\">null</span> to <span style=\"color:red;\">12T</span></li></ul>'),('PR0097','supplier_updated_info','<ul><li>Date: 5/14/2021 11:08:19 PM</li><li><span style=\"color:red;\">sup_name</span> changes from <span style=\"color:red;\">null</span> to <span style=\"color:red;\">Bộ sạc nhanh HOCO DC28 MicroUSB (2 cổng USB, 5A max, LED, 1m)</span></li>\n<li><span style=\"color:red;\">sup_price</span> changes from <span style=\"color:red;\">null</span> to <span style=\"color:red;\">79000</span></li>\n<li><span style=\"color:red;\">sup_stock</span> changes from <span style=\"color:red;\">null</span> to <span style=\"color:red;\">1</span></li>\n<li><span style=\"color:red;\">sup_warranty</span> changes from <span style=\"color:red;\">null</span> to <span style=\"color:red;\">12T</span></li></ul>'),('PR0099','supplier_updated_info','<ul><li>Date: 5/14/2021 11:08:19 PM</li><li><span style=\"color:red;\">sup_name</span> changes from <span style=\"color:red;\">null</span> to <span style=\"color:red;\">Bộ cóc cáp sạc BOROFONE BA25A MicroUSB (2 cổng Usb)</span></li>\n<li><span style=\"color:red;\">sup_price</span> changes from <span style=\"color:red;\">null</span> to <span style=\"color:red;\">54000</span></li>\n<li><span style=\"color:red;\">sup_stock</span> changes from <span style=\"color:red;\">null</span> to <span style=\"color:red;\">1</span></li>\n<li><span style=\"color:red;\">sup_warranty</span> changes from <span style=\"color:red;\">null</span> to <span style=\"color:red;\">12T</span></li></ul>'),('PR0100','supplier_updated_info','<ul><li>Date: 5/14/2021 11:08:19 PM</li><li><span style=\"color:red;\">sup_name</span> changes from <span style=\"color:red;\">null</span> to <span style=\"color:red;\">Bộ cóc cáp sạc BOROFONE BA25A Lightning (2 cổng Usb)</span></li>\n<li><span style=\"color:red;\">sup_price</span> changes from <span style=\"color:red;\">null</span> to <span style=\"color:red;\">57000</span></li>\n<li><span style=\"color:red;\">sup_stock</span> changes from <span style=\"color:red;\">null</span> to <span style=\"color:red;\">1</span></li>\n<li><span style=\"color:red;\">sup_warranty</span> changes from <span style=\"color:red;\">null</span> to <span style=\"color:red;\">12T</span></li></ul>'),('PR0101','supplier_updated_info','<ul><li>Date: 5/14/2021 11:08:19 PM</li><li><span style=\"color:red;\">sup_name</span> changes from <span style=\"color:red;\">null</span> to <span style=\"color:red;\">Bộ cóc cáp sạc BOROFONE BA25A Type-C (2 cổng Usb)</span></li>\n<li><span style=\"color:red;\">sup_price</span> changes from <span style=\"color:red;\">null</span> to <span style=\"color:red;\">57000</span></li>\n<li><span style=\"color:red;\">sup_stock</span> changes from <span style=\"color:red;\">null</span> to <span style=\"color:red;\">1</span></li>\n<li><span style=\"color:red;\">sup_warranty</span> changes from <span style=\"color:red;\">null</span> to <span style=\"color:red;\">12T</span></li></ul>'),('PR0102','supplier_updated_info','<ul><li>Date: 5/14/2021 11:08:19 PM</li><li><span style=\"color:red;\">sup_name</span> changes from <span style=\"color:red;\">null</span> to <span style=\"color:red;\">Mouse BOSSTON M15 LED USB Chính hãng</span></li>\n<li><span style=\"color:red;\">sup_price</span> changes from <span style=\"color:red;\">null</span> to <span style=\"color:red;\">35000</span></li>\n<li><span style=\"color:red;\">sup_stock</span> changes from <span style=\"color:red;\">null</span> to <span style=\"color:red;\">1</span></li>\n<li><span style=\"color:red;\">sup_warranty</span> changes from <span style=\"color:red;\">null</span> to <span style=\"color:red;\">12T</span></li></ul>'),('PR0105','supplier_updated_info','<ul><li>Date: 5/14/2021 11:08:19 PM</li><li><span style=\"color:red;\">sup_name</span> changes from <span style=\"color:red;\">null</span> to <span style=\"color:red;\">Mouse BOSSTON D608 USB Chính hãng</span></li>\n<li><span style=\"color:red;\">sup_price</span> changes from <span style=\"color:red;\">null</span> to <span style=\"color:red;\">45000</span></li>\n<li><span style=\"color:red;\">sup_stock</span> changes from <span style=\"color:red;\">null</span> to <span style=\"color:red;\">1</span></li>\n<li><span style=\"color:red;\">sup_warranty</span> changes from <span style=\"color:red;\">null</span> to <span style=\"color:red;\">12T</span></li></ul>'),('PR0108','supplier_updated_info','<ul><li>Date: 5/14/2021 11:08:19 PM</li><li><span style=\"color:red;\">sup_name</span> changes from <span style=\"color:red;\">null</span> to <span style=\"color:red;\">Mouse BOSSTON R30A LED USB Chính hãng</span></li>\n<li><span style=\"color:red;\">sup_price</span> changes from <span style=\"color:red;\">null</span> to <span style=\"color:red;\">67000</span></li>\n<li><span style=\"color:red;\">sup_stock</span> changes from <span style=\"color:red;\">null</span> to <span style=\"color:red;\">1</span></li>\n<li><span style=\"color:red;\">sup_warranty</span> changes from <span style=\"color:red;\">null</span> to <span style=\"color:red;\">12T</span></li></ul>'),('PR0109','supplier_updated_info','<ul><li>Date: 5/14/2021 11:08:19 PM</li><li><span style=\"color:red;\">sup_name</span> changes from <span style=\"color:red;\">null</span> to <span style=\"color:red;\">Mouse BOSSTON GM100 LED USB Chính hãng</span></li>\n<li><span style=\"color:red;\">sup_price</span> changes from <span style=\"color:red;\">null</span> to <span style=\"color:red;\">87000</span></li>\n<li><span style=\"color:red;\">sup_stock</span> changes from <span style=\"color:red;\">null</span> to <span style=\"color:red;\">1</span></li>\n<li><span style=\"color:red;\">sup_warranty</span> changes from <span style=\"color:red;\">null</span> to <span style=\"color:red;\">12T</span></li></ul>'),('PR0112','supplier_updated_info','<ul><li>Date: 5/14/2021 11:08:19 PM</li><li><span style=\"color:red;\">sup_name</span> changes from <span style=\"color:red;\">null</span> to <span style=\"color:red;\">Mouse iMICE V9 Gaming Chính hãng (Dây dù, Led)</span></li>\n<li><span style=\"color:red;\">sup_price</span> changes from <span style=\"color:red;\">null</span> to <span style=\"color:red;\">120000</span></li>\n<li><span style=\"color:red;\">sup_stock</span> changes from <span style=\"color:red;\">null</span> to <span style=\"color:red;\">1</span></li>\n<li><span style=\"color:red;\">sup_warranty</span> changes from <span style=\"color:red;\">null</span> to <span style=\"color:red;\">12T</span></li></ul>'),('PR0113','supplier_updated_info','<ul><li>Date: 5/14/2021 11:08:19 PM</li><li><span style=\"color:red;\">sup_name</span> changes from <span style=\"color:red;\">null</span> to <span style=\"color:red;\">Mouse APEDRA M5 Gaming Chính hãng</span></li>\n<li><span style=\"color:red;\">sup_price</span> changes from <span style=\"color:red;\">null</span> to <span style=\"color:red;\">45000</span></li>\n<li><span style=\"color:red;\">sup_stock</span> changes from <span style=\"color:red;\">null</span> to <span style=\"color:red;\">1</span></li>\n<li><span style=\"color:red;\">sup_warranty</span> changes from <span style=\"color:red;\">null</span> to <span style=\"color:red;\">12T</span></li></ul>'),('PR0114','supplier_updated_info','<ul><li>Date: 5/14/2021 11:08:19 PM</li><li><span style=\"color:red;\">sup_name</span> changes from <span style=\"color:red;\">null</span> to <span style=\"color:red;\">Mouse APEDRA A7 Gaming Chính hãng (Dây dù, Led)</span></li>\n<li><span style=\"color:red;\">sup_price</span> changes from <span style=\"color:red;\">null</span> to <span style=\"color:red;\">110000</span></li>\n<li><span style=\"color:red;\">sup_stock</span> changes from <span style=\"color:red;\">null</span> to <span style=\"color:red;\">1</span></li>\n<li><span style=\"color:red;\">sup_warranty</span> changes from <span style=\"color:red;\">null</span> to <span style=\"color:red;\">12T</span></li></ul>'),('PR0115','supplier_updated_info','<ul><li>Date: 5/14/2021 11:08:19 PM</li><li><span style=\"color:red;\">sup_name</span> changes from <span style=\"color:red;\">null</span> to <span style=\"color:red;\">Mouse RAINBOW-GEAR R102 USB Led RGB Gaming</span></li>\n<li><span style=\"color:red;\">sup_price</span> changes from <span style=\"color:red;\">null</span> to <span style=\"color:red;\">127000</span></li>\n<li><span style=\"color:red;\">sup_stock</span> changes from <span style=\"color:red;\">null</span> to <span style=\"color:red;\">1</span></li>\n<li><span style=\"color:red;\">sup_warranty</span> changes from <span style=\"color:red;\">null</span> to <span style=\"color:red;\">12T</span></li></ul>'),('PR0116','supplier_updated_info','<ul><li>Date: 5/14/2021 11:08:19 PM</li><li><span style=\"color:red;\">sup_name</span> changes from <span style=\"color:red;\">null</span> to <span style=\"color:red;\">Mouse RAINBOW-GEAR R350 USB Led RGB Gaming Cao cấp </span></li>\n<li><span style=\"color:red;\">sup_price</span> changes from <span style=\"color:red;\">null</span> to <span style=\"color:red;\">260000</span></li>\n<li><span style=\"color:red;\">sup_stock</span> changes from <span style=\"color:red;\">null</span> to <span style=\"color:red;\">1</span></li>\n<li><span style=\"color:red;\">sup_warranty</span> changes from <span style=\"color:red;\">null</span> to <span style=\"color:red;\">12T</span></li></ul>'),('PR0117','supplier_updated_info','<ul><li>Date: 5/14/2021 11:08:19 PM</li><li><span style=\"color:red;\">sup_name</span> changes from <span style=\"color:red;\">null</span> to <span style=\"color:red;\">Mouse ko dây NEWMEN F266 Chính hãng</span></li>\n<li><span style=\"color:red;\">sup_price</span> changes from <span style=\"color:red;\">null</span> to <span style=\"color:red;\">98000</span></li>\n<li><span style=\"color:red;\">sup_stock</span> changes from <span style=\"color:red;\">null</span> to <span style=\"color:red;\">1</span></li>\n<li><span style=\"color:red;\">sup_warranty</span> changes from <span style=\"color:red;\">null</span> to <span style=\"color:red;\">12T</span></li></ul>'),('PR0118','supplier_updated_info','<ul><li>Date: 5/14/2021 11:08:19 PM</li><li><span style=\"color:red;\">sup_name</span> changes from <span style=\"color:red;\">null</span> to <span style=\"color:red;\">Mouse ko dây FD-i2 Chính hãng</span></li>\n<li><span style=\"color:red;\">sup_price</span> changes from <span style=\"color:red;\">null</span> to <span style=\"color:red;\">70000</span></li>\n<li><span style=\"color:red;\">sup_stock</span> changes from <span style=\"color:red;\">null</span> to <span style=\"color:red;\">1</span></li>\n<li><span style=\"color:red;\">sup_warranty</span> changes from <span style=\"color:red;\">null</span> to <span style=\"color:red;\">12T</span></li></ul>'),('PR0121','supplier_updated_info','<ul><li>Date: 5/14/2021 11:08:19 PM</li><li><span style=\"color:red;\">sup_name</span> changes from <span style=\"color:red;\">null</span> to <span style=\"color:red;\">Mouse ko dây FD-i882 Blue/Red Chính hãng</span></li>\n<li><span style=\"color:red;\">sup_price</span> changes from <span style=\"color:red;\">null</span> to <span style=\"color:red;\">95000</span></li>\n<li><span style=\"color:red;\">sup_stock</span> changes from <span style=\"color:red;\">null</span> to <span style=\"color:red;\">1</span></li>\n<li><span style=\"color:red;\">sup_warranty</span> changes from <span style=\"color:red;\">null</span> to <span style=\"color:red;\">12T</span></li></ul>'),('PR0126','supplier_updated_info','<ul><li>Date: 5/14/2021 11:08:19 PM</li><li><span style=\"color:red;\">sup_name</span> changes from <span style=\"color:red;\">null</span> to <span style=\"color:red;\">Mouse ko dây FD-V8 Blue/Green/Gray Chính hãng</span></li>\n<li><span style=\"color:red;\">sup_price</span> changes from <span style=\"color:red;\">null</span> to <span style=\"color:red;\">137000</span></li>\n<li><span style=\"color:red;\">sup_stock</span> changes from <span style=\"color:red;\">null</span> to <span style=\"color:red;\">1</span></li>\n<li><span style=\"color:red;\">sup_warranty</span> changes from <span style=\"color:red;\">null</span> to <span style=\"color:red;\">12T</span></li></ul>'),('PR0131','supplier_updated_info','<ul><li>Date: 5/14/2021 11:08:19 PM</li><li><span style=\"color:red;\">sup_name</span> changes from <span style=\"color:red;\">null</span> to <span style=\"color:red;\">Mouse ko dây T-WOLF Q13</span></li>\n<li><span style=\"color:red;\">sup_price</span> changes from <span style=\"color:red;\">null</span> to <span style=\"color:red;\">105000</span></li>\n<li><span style=\"color:red;\">sup_stock</span> changes from <span style=\"color:red;\">null</span> to <span style=\"color:red;\">1</span></li>\n<li><span style=\"color:red;\">sup_warranty</span> changes from <span style=\"color:red;\">null</span> to <span style=\"color:red;\">6T</span></li></ul>'),('PR0132','supplier_updated_info','<ul><li>Date: 5/14/2021 11:08:19 PM</li><li><span style=\"color:red;\">sup_name</span> changes from <span style=\"color:red;\">null</span> to <span style=\"color:red;\">Pad mouse Razer X3 Chuyên game (khổ lớn)</span></li>\n<li><span style=\"color:red;\">sup_price</span> changes from <span style=\"color:red;\">null</span> to <span style=\"color:red;\">17000</span></li>\n<li><span style=\"color:red;\">sup_stock</span> changes from <span style=\"color:red;\">null</span> to <span style=\"color:red;\">1</span></li>\n<li><span style=\"color:red;\">sup_warranty</span> changes from <span style=\"color:red;\">null</span> to <span style=\"color:red;\">BT</span></li></ul>'),('PR0133','supplier_updated_info','<ul><li>Date: 5/14/2021 11:08:19 PM</li><li><span style=\"color:red;\">sup_name</span> changes from <span style=\"color:red;\">null</span> to <span style=\"color:red;\">Pad Mouse S6 Chuyên game (800x300x3mm)</span></li>\n<li><span style=\"color:red;\">sup_price</span> changes from <span style=\"color:red;\">null</span> to <span style=\"color:red;\">36000</span></li>\n<li><span style=\"color:red;\">sup_stock</span> changes from <span style=\"color:red;\">null</span> to <span style=\"color:red;\">1</span></li>\n<li><span style=\"color:red;\">sup_warranty</span> changes from <span style=\"color:red;\">null</span> to <span style=\"color:red;\">BT</span></li></ul>'),('PR0134','supplier_updated_info','<ul><li>Date: 5/14/2021 11:08:19 PM</li><li><span style=\"color:red;\">sup_name</span> changes from <span style=\"color:red;\">null</span> to <span style=\"color:red;\">Pad mouse S9 Chuyên game (780x300x5mm)</span></li>\n<li><span style=\"color:red;\">sup_price</span> changes from <span style=\"color:red;\">null</span> to <span style=\"color:red;\">65000</span></li>\n<li><span style=\"color:red;\">sup_stock</span> changes from <span style=\"color:red;\">null</span> to <span style=\"color:red;\">1</span></li>\n<li><span style=\"color:red;\">sup_warranty</span> changes from <span style=\"color:red;\">null</span> to <span style=\"color:red;\">BT</span></li></ul>'),('PR0135','supplier_updated_info','<ul><li>Date: 5/14/2021 11:08:19 PM</li><li><span style=\"color:red;\">sup_name</span> changes from <span style=\"color:red;\">null</span> to <span style=\"color:red;\">Pad mouse ESTONE Chuyên game (290x250x3mm)</span></li>\n<li><span style=\"color:red;\">sup_price</span> changes from <span style=\"color:red;\">null</span> to <span style=\"color:red;\">19000</span></li>\n<li><span style=\"color:red;\">sup_stock</span> changes from <span style=\"color:red;\">null</span> to <span style=\"color:red;\">1</span></li>\n<li><span style=\"color:red;\">sup_warranty</span> changes from <span style=\"color:red;\">null</span> to <span style=\"color:red;\">BT</span></li></ul>'),('PR0136','supplier_updated_info','<ul><li>Date: 5/14/2021 11:08:19 PM</li><li><span style=\"color:red;\">sup_name</span> changes from <span style=\"color:red;\">null</span> to <span style=\"color:red;\">Pad mouse iMICE Chuyên game (800x300x3mm)</span></li>\n<li><span style=\"color:red;\">sup_price</span> changes from <span style=\"color:red;\">null</span> to <span style=\"color:red;\">45000</span></li>\n<li><span style=\"color:red;\">sup_stock</span> changes from <span style=\"color:red;\">null</span> to <span style=\"color:red;\">1</span></li>\n<li><span style=\"color:red;\">sup_warranty</span> changes from <span style=\"color:red;\">null</span> to <span style=\"color:red;\">BT</span></li></ul>'),('PR0142','supplier_updated_info','<ul><li>Date: 5/14/2021 11:08:19 PM</li><li><span style=\"color:red;\">sup_name</span> changes from <span style=\"color:red;\">null</span> to <span style=\"color:red;\">Keyboard Bosston MIni 868</span></li>\n<li><span style=\"color:red;\">sup_price</span> changes from <span style=\"color:red;\">null</span> to <span style=\"color:red;\">70000</span></li>\n<li><span style=\"color:red;\">sup_stock</span> changes from <span style=\"color:red;\">null</span> to <span style=\"color:red;\">1</span></li>\n<li><span style=\"color:red;\">sup_warranty</span> changes from <span style=\"color:red;\">null</span> to <span style=\"color:red;\">12T</span></li></ul>'),('PR0143','supplier_updated_info','<ul><li>Date: 5/14/2021 11:08:19 PM</li><li><span style=\"color:red;\">sup_name</span> changes from <span style=\"color:red;\">null</span> to <span style=\"color:red;\">Keyboard BOSSTON K830 USB Chính hãng</span></li>\n<li><span style=\"color:red;\">sup_price</span> changes from <span style=\"color:red;\">null</span> to <span style=\"color:red;\">70000</span></li>\n<li><span style=\"color:red;\">sup_stock</span> changes from <span style=\"color:red;\">null</span> to <span style=\"color:red;\">1</span></li>\n<li><span style=\"color:red;\">sup_warranty</span> changes from <span style=\"color:red;\">null</span> to <span style=\"color:red;\">12T</span></li></ul>'),('PR0144','supplier_updated_info','<ul><li>Date: 5/14/2021 11:08:19 PM</li><li><span style=\"color:red;\">sup_name</span> changes from <span style=\"color:red;\">null</span> to <span style=\"color:red;\">Keyboard NEWMEN E340 USB Chính hãng</span></li>\n<li><span style=\"color:red;\">sup_price</span> changes from <span style=\"color:red;\">null</span> to <span style=\"color:red;\">125000</span></li>\n<li><span style=\"color:red;\">sup_stock</span> changes from <span style=\"color:red;\">null</span> to <span style=\"color:red;\">1</span></li>\n<li><span style=\"color:red;\">sup_warranty</span> changes from <span style=\"color:red;\">null</span> to <span style=\"color:red;\">12T</span></li></ul>'),('PR0145','supplier_updated_info','<ul><li>Date: 5/14/2021 11:08:19 PM</li><li><span style=\"color:red;\">sup_name</span> changes from <span style=\"color:red;\">null</span> to <span style=\"color:red;\">Keyboard T-WOLF TF-20 Led 7 màu USB</span></li>\n<li><span style=\"color:red;\">sup_price</span> changes from <span style=\"color:red;\">null</span> to <span style=\"color:red;\">105000</span></li>\n<li><span style=\"color:red;\">sup_stock</span> changes from <span style=\"color:red;\">null</span> to <span style=\"color:red;\">1</span></li>\n<li><span style=\"color:red;\">sup_warranty</span> changes from <span style=\"color:red;\">null</span> to <span style=\"color:red;\">12T</span></li></ul>'),('PR0146','supplier_updated_info','<ul><li>Date: 5/14/2021 11:08:19 PM</li><li><span style=\"color:red;\">sup_name</span> changes from <span style=\"color:red;\">null</span> to <span style=\"color:red;\">Keyboard BOSSTON 808 USB Chính hãng </span></li>\n<li><span style=\"color:red;\">sup_price</span> changes from <span style=\"color:red;\">null</span> to <span style=\"color:red;\">95000</span></li>\n<li><span style=\"color:red;\">sup_stock</span> changes from <span style=\"color:red;\">null</span> to <span style=\"color:red;\">1</span></li>\n<li><span style=\"color:red;\">sup_warranty</span> changes from <span style=\"color:red;\">null</span> to <span style=\"color:red;\">12T</span></li></ul>'),('PR0147','supplier_updated_info','<ul><li>Date: 5/14/2021 11:08:19 PM</li><li><span style=\"color:red;\">sup_name</span> changes from <span style=\"color:red;\">null</span> to <span style=\"color:red;\">Keyboard BOSSTON K380 LED USB Chính hãng (Giả cơ)</span></li>\n<li><span style=\"color:red;\">sup_price</span> changes from <span style=\"color:red;\">null</span> to <span style=\"color:red;\">125000</span></li>\n<li><span style=\"color:red;\">sup_stock</span> changes from <span style=\"color:red;\">null</span> to <span style=\"color:red;\">1</span></li>\n<li><span style=\"color:red;\">sup_warranty</span> changes from <span style=\"color:red;\">null</span> to <span style=\"color:red;\">12T</span></li></ul>'),('PR0148','supplier_updated_info','<ul><li>Date: 5/14/2021 11:08:19 PM</li><li><span style=\"color:red;\">sup_name</span> changes from <span style=\"color:red;\">null</span> to <span style=\"color:red;\">Keyboard BOSSTON MK912 (Phím cơ - 9 chế độ Led) </span></li>\n<li><span style=\"color:red;\">sup_price</span> changes from <span style=\"color:red;\">null</span> to <span style=\"color:red;\">340000</span></li>\n<li><span style=\"color:red;\">sup_stock</span> changes from <span style=\"color:red;\">null</span> to <span style=\"color:red;\">1</span></li>\n<li><span style=\"color:red;\">sup_warranty</span> changes from <span style=\"color:red;\">null</span> to <span style=\"color:red;\">12T</span></li></ul>'),('PR0149','supplier_updated_info','<ul><li>Date: 5/14/2021 11:08:19 PM</li><li><span style=\"color:red;\">sup_name</span> changes from <span style=\"color:red;\">null</span> to <span style=\"color:red;\">Keyboard HP GK-320 Đen Chính hãng (USB – Phím cơ)</span></li>\n<li><span style=\"color:red;\">sup_price</span> changes from <span style=\"color:red;\">null</span> to <span style=\"color:red;\">570000</span></li>\n<li><span style=\"color:red;\">sup_stock</span> changes from <span style=\"color:red;\">null</span> to <span style=\"color:red;\">1</span></li>\n<li><span style=\"color:red;\">sup_warranty</span> changes from <span style=\"color:red;\">null</span> to <span style=\"color:red;\">12T</span></li></ul>'),('PR0150','supplier_updated_info','<ul><li>Date: 5/14/2021 11:08:19 PM</li><li><span style=\"color:red;\">sup_name</span> changes from <span style=\"color:red;\">null</span> to <span style=\"color:red;\">Keyboard PHILIPS SPK-8614GR Bạc led Chính hãng (USB – Phím cơ Red Swicth)</span></li>\n<li><span style=\"color:red;\">sup_price</span> changes from <span style=\"color:red;\">null</span> to <span style=\"color:red;\">515000</span></li>\n<li><span style=\"color:red;\">sup_stock</span> changes from <span style=\"color:red;\">null</span> to <span style=\"color:red;\">1</span></li>\n<li><span style=\"color:red;\">sup_warranty</span> changes from <span style=\"color:red;\">null</span> to <span style=\"color:red;\">12T</span></li></ul>'),('PR0151','supplier_updated_info','<ul><li>Date: 5/14/2021 11:08:19 PM</li><li><span style=\"color:red;\">sup_name</span> changes from <span style=\"color:red;\">null</span> to <span style=\"color:red;\">Combo ko dây Keyboard + Mouse FD-iK1500 Chính hãng </span></li>\n<li><span style=\"color:red;\">sup_price</span> changes from <span style=\"color:red;\">null</span> to <span style=\"color:red;\">240000</span></li>\n<li><span style=\"color:red;\">sup_stock</span> changes from <span style=\"color:red;\">null</span> to <span style=\"color:red;\">1</span></li>\n<li><span style=\"color:red;\">sup_warranty</span> changes from <span style=\"color:red;\">null</span> to <span style=\"color:red;\">12T</span></li></ul>'),('PR0156','supplier_updated_info','<ul><li>Date: 5/14/2021 11:08:19 PM</li><li><span style=\"color:red;\">sup_name</span> changes from <span style=\"color:red;\">null</span> to <span style=\"color:red;\">Combo ko dây Keyboard + Mouse SIMETECH SM9000 Mini Black/Blue/Pink (nút tròn) </span></li>\n<li><span style=\"color:red;\">sup_price</span> changes from <span style=\"color:red;\">null</span> to <span style=\"color:red;\">240000</span></li>\n<li><span style=\"color:red;\">sup_stock</span> changes from <span style=\"color:red;\">null</span> to <span style=\"color:red;\">1</span></li>\n<li><span style=\"color:red;\">sup_warranty</span> changes from <span style=\"color:red;\">null</span> to <span style=\"color:red;\">12T</span></li></ul>'),('PR0160','supplier_updated_info','<ul><li>Date: 5/14/2021 11:08:19 PM</li><li><span style=\"color:red;\">sup_name</span> changes from <span style=\"color:red;\">null</span> to <span style=\"color:red;\">Combo ko dây Keyboard + Mouse PSPY K68 Black/Yellow Chính hãng</span></li>\n<li><span style=\"color:red;\">sup_price</span> changes from <span style=\"color:red;\">null</span> to <span style=\"color:red;\">240000</span></li>\n<li><span style=\"color:red;\">sup_stock</span> changes from <span style=\"color:red;\">null</span> to <span style=\"color:red;\">1</span></li>\n<li><span style=\"color:red;\">sup_warranty</span> changes from <span style=\"color:red;\">null</span> to <span style=\"color:red;\">12T</span></li></ul>'),('PR0164','supplier_updated_info','<ul><li>Date: 5/14/2021 11:08:19 PM</li><li><span style=\"color:red;\">sup_name</span> changes from <span style=\"color:red;\">null</span> to <span style=\"color:red;\">Combo ko dây Keyboard + Mouse FD-iK7300 Black/White Chính hãng</span></li>\n<li><span style=\"color:red;\">sup_price</span> changes from <span style=\"color:red;\">null</span> to <span style=\"color:red;\">200000</span></li>\n<li><span style=\"color:red;\">sup_stock</span> changes from <span style=\"color:red;\">null</span> to <span style=\"color:red;\">1</span></li>\n<li><span style=\"color:red;\">sup_warranty</span> changes from <span style=\"color:red;\">null</span> to <span style=\"color:red;\">12T</span></li></ul>'),('PR0167','supplier_updated_info','<ul><li>Date: 5/14/2021 11:08:19 PM</li><li><span style=\"color:red;\">sup_name</span> changes from <span style=\"color:red;\">null</span> to <span style=\"color:red;\">Đế tản nhiệt Laptop VSP COOLER N27 1FAN (14\'-15.6\')</span></li>\n<li><span style=\"color:red;\">sup_price</span> changes from <span style=\"color:red;\">null</span> to <span style=\"color:red;\">76000</span></li>\n<li><span style=\"color:red;\">sup_stock</span> changes from <span style=\"color:red;\">null</span> to <span style=\"color:red;\">1</span></li>\n<li><span style=\"color:red;\">sup_warranty</span> changes from <span style=\"color:red;\">null</span> to <span style=\"color:red;\">6T</span></li></ul>'),('PR0168','supplier_updated_info','<ul><li>Date: 5/14/2021 11:08:19 PM</li><li><span style=\"color:red;\">sup_name</span> changes from <span style=\"color:red;\">null</span> to <span style=\"color:red;\">Đế tản nhiệt Laptop VSP COOLER N22 6FAN (14\'-15.6\')</span></li>\n<li><span style=\"color:red;\">sup_price</span> changes from <span style=\"color:red;\">null</span> to <span style=\"color:red;\">165000</span></li>\n<li><span style=\"color:red;\">sup_stock</span> changes from <span style=\"color:red;\">null</span> to <span style=\"color:red;\">1</span></li>\n<li><span style=\"color:red;\">sup_warranty</span> changes from <span style=\"color:red;\">null</span> to <span style=\"color:red;\">6T</span></li></ul>'),('PR0169','supplier_updated_info','<ul><li>Date: 5/14/2021 11:08:19 PM</li><li><span style=\"color:red;\">sup_name</span> changes from <span style=\"color:red;\">null</span> to <span style=\"color:red;\">Loa Bluetooth Kisonli LED 904</span></li>\n<li><span style=\"color:red;\">sup_price</span> changes from <span style=\"color:red;\">null</span> to <span style=\"color:red;\">140000</span></li>\n<li><span style=\"color:red;\">sup_stock</span> changes from <span style=\"color:red;\">null</span> to <span style=\"color:red;\">1</span></li>\n<li><span style=\"color:red;\">sup_warranty</span> changes from <span style=\"color:red;\">null</span> to <span style=\"color:red;\">12T</span></li></ul>'),('PR0170','supplier_updated_info','<ul><li>Date: 5/14/2021 11:08:19 PM</li><li><span style=\"color:red;\">sup_name</span> changes from <span style=\"color:red;\">null</span> to <span style=\"color:red;\">Loa Bluetooth Kisonli LED 901</span></li>\n<li><span style=\"color:red;\">sup_price</span> changes from <span style=\"color:red;\">null</span> to <span style=\"color:red;\">230000</span></li>\n<li><span style=\"color:red;\">sup_stock</span> changes from <span style=\"color:red;\">null</span> to <span style=\"color:red;\">1</span></li>\n<li><span style=\"color:red;\">sup_warranty</span> changes from <span style=\"color:red;\">null</span> to <span style=\"color:red;\">12T</span></li></ul>'),('PR0171','supplier_updated_info','<ul><li>Date: 5/14/2021 11:08:19 PM</li><li><span style=\"color:red;\">sup_name</span> changes from <span style=\"color:red;\">null</span> to <span style=\"color:red;\">Loa Bluetooth BOROFONE BR1 Chính hãng (v5.0, Pin 1200mAh, TF, USB)</span></li>\n<li><span style=\"color:red;\">sup_price</span> changes from <span style=\"color:red;\">null</span> to <span style=\"color:red;\">160000</span></li>\n<li><span style=\"color:red;\">sup_stock</span> changes from <span style=\"color:red;\">null</span> to <span style=\"color:red;\">1</span></li>\n<li><span style=\"color:red;\">sup_warranty</span> changes from <span style=\"color:red;\">null</span> to <span style=\"color:red;\">12T</span></li></ul>'),('PR0178','supplier_updated_info','<ul><li>Date: 5/14/2021 11:08:19 PM</li><li><span style=\"color:red;\">sup_name</span> changes from <span style=\"color:red;\">null</span> to <span style=\"color:red;\">Loa Bluetooth BOROFONE BR2 Mini Black/White/Green/Red Chính hãng (v5.0, Pin 1200mAh, TF, USB)</span></li>\n<li><span style=\"color:red;\">sup_price</span> changes from <span style=\"color:red;\">null</span> to <span style=\"color:red;\">155000</span></li>\n<li><span style=\"color:red;\">sup_stock</span> changes from <span style=\"color:red;\">null</span> to <span style=\"color:red;\">1</span></li>\n<li><span style=\"color:red;\">sup_warranty</span> changes from <span style=\"color:red;\">null</span> to <span style=\"color:red;\">12T</span></li></ul>'),('PR0183','supplier_updated_info','<ul><li>Date: 5/14/2021 11:08:19 PM</li><li><span style=\"color:red;\">sup_name</span> changes from <span style=\"color:red;\">null</span> to <span style=\"color:red;\">Loa Bluetooth LANEX W05 Chính hãng</span></li>\n<li><span style=\"color:red;\">sup_price</span> changes from <span style=\"color:red;\">null</span> to <span style=\"color:red;\">160000</span></li>\n<li><span style=\"color:red;\">sup_stock</span> changes from <span style=\"color:red;\">null</span> to <span style=\"color:red;\">1</span></li>\n<li><span style=\"color:red;\">sup_warranty</span> changes from <span style=\"color:red;\">null</span> to <span style=\"color:red;\">12T</span></li></ul>');
/*!40000 ALTER TABLE `product_eav_text` ENABLE KEYS */;
UNLOCK TABLES;

--
-- Table structure for table `product_eav_varchar`
--

DROP TABLE IF EXISTS `product_eav_varchar`;
/*!40101 SET @saved_cs_client     = @@character_set_client */;
/*!50503 SET character_set_client = utf8mb4 */;
CREATE TABLE `product_eav_varchar` (
  `entity_id` varchar(50) NOT NULL,
  `attribute_id` varchar(50) NOT NULL,
  `value` varchar(255) NOT NULL,
  PRIMARY KEY (`entity_id`,`attribute_id`)
) ENGINE=InnoDB DEFAULT CHARSET=utf8mb4 COLLATE=utf8mb4_0900_ai_ci;
/*!40101 SET character_set_client = @saved_cs_client */;

--
-- Dumping data for table `product_eav_varchar`
--

LOCK TABLES `product_eav_varchar` WRITE;
/*!40000 ALTER TABLE `product_eav_varchar` DISABLE KEYS */;
INSERT INTO `product_eav_varchar` VALUES ('PR0001','name','Tai nghe Nhét tai HOCO M1'),('PR0001','thumbnail','/public/image/product/large/borofone_bm34_01.jpg'),('PR0002','name','Tai nghe Nhét tai HOCO M1 PRO'),('PR0002','sup_link','https://phatdatcomputer.vn/san-pham/tai-nghe-nhet-tai-hoco-m1-pro-chinh-hang-jack-typec'),('PR0002','sup_name','Tai nghe Nhét tai HOCO M1 PRO Chính hãng (Jack Type-C)'),('PR0002','sup_warranty','12T'),('PR0003','name','Tai nghe Nhét tai HOCO M1 NPP'),('PR0003','sup_link','https://phatdatcomputer.vn/san-pham/tai-nghe-nhet-tai-hoco-m1-npp-chinh-hang'),('PR0003','sup_name','Tai nghe Nhét tai HOCO M1 NPP Chính hãng '),('PR0003','sup_warranty','12T'),('PR0004','name','Tai nghe nhét tai HOCO M74'),('PR0004','sup_link','https://phatdatcomputer.vn/san-pham/tai-nghe-nhet-tai-hoco-m74-nhua-tpe-12m'),('PR0004','sup_name','Tai nghe nhét tai HOCO M74 (Nhựa TPE, 1.2m)'),('PR0004','sup_warranty','12T'),('PR0004','thumbnail','/public/image/product/large/hoco_m74_03.jpg'),('PR0005','color','Trắng'),('PR0005','thumbnail','/public/image/product/large/hoco_m74_03.jpg'),('PR0006','color','Tím'),('PR0006','thumbnail','/public/image/product/large/hoco_m74_02.jpg'),('PR0007','color','Đen'),('PR0007','thumbnail','/public/image/product/large/hoco_m74_black.jpg'),('PR0008','name','Tai nghe Nhét tai BOROFONE BM34'),('PR0008','sup_link','https://phatdatcomputer.vn/san-pham/tai-nghe-nhet-tai-borofone-bm34-blackwhitepink-co-mic'),('PR0008','sup_name','Tai nghe Nhét tai BOROFONE BM34 Black/White/Pink (Có Mic)'),('PR0008','sup_warranty','12T'),('PR0008','thumbnail','/public/image/product/large/borofone_bm34_01.jpg'),('PR0009','color','Hồng'),('PR0010','color','Trắng'),('PR0010','thumbnail','/public/image/product/large/borofone_bm34_white.jpg'),('PR0011','color','Đen'),('PR0012','name','Tai nghe Bluetooth TWS AMOI F9'),('PR0012','sup_link','https://phatdatcomputer.vn/san-pham/tai-nghe-bluetooth-tws-amoi-f9-v50-cam-ung-tich-hop-pin-du-phong-gia-do-dien-thoai'),('PR0012','sup_name','Tai nghe Bluetooth TWS AMOI F9 (v5.0, Cảm ứng, Tích hợp Pin dự phòng, Giá đỡ điện thoại)'),('PR0012','sup_warranty','3T'),('PR0012','thumbnail','/public/image/product/large/tws_amoi_f9.jpg'),('PR0013','name','Tai nghe Bluetooth HOCO ES13 Plus'),('PR0013','sup_link','https://phatdatcomputer.vn/san-pham/tai-nghe-bluetooth-hoco-es13-plus-chinh-hang-tai-nghe-2-ben-v41'),('PR0013','sup_name','Tai nghe Bluetooth HOCO ES13 Plus Chính hãng (Tai nghe 2 bên, v4.1)'),('PR0013','sup_warranty','12T'),('PR0014','color','Đỏ'),('PR0015','color','Đen'),('PR0016','name','Tai nghe Bluetooth HOCO ES41'),('PR0016','sup_link','https://phatdatcomputer.vn/san-pham/tai-nghe-bluetooth-hoco-es41-white-chinh-hang-tai-nghe-2-ben-v50'),('PR0016','sup_name','Tai nghe Bluetooth HOCO ES41 White  Chính hãng (Tai nghe 2 bên, v5.0)'),('PR0016','sup_warranty','12T'),('PR0016','thumbnail','/public/image/product/large/hoco_es41_01.jpg'),('PR0017','color','Trắng'),('PR0017','thumbnail','/public/image/product/large/hoco_es41_white.jpg'),('PR0018','color','Đen'),('PR0018','thumbnail','/public/image/product/large/hoco_es41_black.jpg'),('PR0019','name','Tai nghe Bluetooth HOCO ES45'),('PR0019','sup_link','https://phatdatcomputer.vn/san-pham/tai-nghe-bluetooth-hoco-es45-chinh-hang-cam-ung-2-ben-v50'),('PR0019','sup_name','Tai nghe Bluetooth HOCO ES45 Chính hãng (Cảm ứng 2 bên, v5.0)'),('PR0019','sup_warranty','12T'),('PR0020','color','Trắng'),('PR0021','color','Đen'),('PR0022','name','Headphone HOCO W103'),('PR0022','sup_link','https://phatdatcomputer.vn/san-pham/headphone-hoco-w103-blackred-gaming-chinh-hang-12m-jack-headset-tich-hop-35mm-co-mic'),('PR0022','sup_name','Headphone HOCO W103 Black/Red Gaming Chính hãng (1.2m, Jack Headset tích hợp 3.5mm, có Mic)'),('PR0022','sup_warranty','12T'),('PR0023','color','Đỏ'),('PR0024','color','Đen'),('PR0025','name','Headphone Gaming ESPORT VX3'),('PR0025','sup_link','https://phatdatcomputer.vn/san-pham/headphone-gaming-esport-vx3-led'),('PR0025','sup_name','Headphone Gaming ESPORT VX3 LED'),('PR0025','sup_warranty','12T'),('PR0026','name','Headphone Gaming EXAVP EX220'),('PR0026','sup_link','https://phatdatcomputer.vn/san-pham/headphone-exavp-ex220-led-gaming'),('PR0026','sup_name','Headphone EXAVP EX220 LED Gaming'),('PR0026','sup_warranty','12T'),('PR0027','color','Trắng xám'),('PR0028','color','Đen'),('PR0029','name','Headphone Gaming EXAVP N61'),('PR0029','sup_link','https://phatdatcomputer.vn/san-pham/headphone-exavp-n61-led-gaming'),('PR0029','sup_name','Headphone EXAVP N61 LED Gaming'),('PR0029','sup_warranty','12T'),('PR0030','name','Headphone Gaming EXAVP N62 Có Rung'),('PR0030','sup_link','https://phatdatcomputer.vn/san-pham/headphone-exavp-n62-led-rung-gaming'),('PR0030','sup_name','Headphone EXAVP N62 LED + Rung Gaming'),('PR0030','sup_warranty','12T'),('PR0031','name','Tai nghe Bluetooth Chụp tai BOROFONE BO8'),('PR0031','sup_link','https://phatdatcomputer.vn/san-pham/tai-nghe-bluetooth-chup-tai-borofone-bo8-blackwhite-chinh-hang-the-nho'),('PR0031','sup_name','Tai nghe Bluetooth Chụp tai BOROFONE BO8 Black/White Chính hãng (Thẻ nhớ)'),('PR0031','sup_warranty','12T'),('PR0032','color','Trắng'),('PR0033','color','Đen'),('PR0034','name','Headphone Bluetooth Tai Mèo HOCO W27'),('PR0034','sup_link','https://phatdatcomputer.vn/san-pham/headphone-bluetooth-tai-meo-hoco-w27-chinh-hang-co-mic'),('PR0034','sup_name','Headphone Bluetooth Tai Mèo HOCO W27 Chính hãng (Có Mic)'),('PR0034','sup_warranty','12T'),('PR0035','color','Hồng'),('PR0036','color','Hồng xám'),('PR0037','name','Pin dự phòng BOROFONE BT21'),('PR0037','sup_link','https://phatdatcomputer.vn/san-pham/pin-du-phong-10000mah-borofone-bt21-white-chinh-hang-co-lcd'),('PR0037','sup_name','Pin dự phòng 10.000mAh BOROFONE BT21 White Chính hãng (Có LCD)'),('PR0037','sup_warranty','12T'),('PR0038','color','Trắng'),('PR0039','color','Đen'),('PR0040','name','Pin dự phòng HOCO J48'),('PR0040','sup_link','https://phatdatcomputer.vn/san-pham/pin-du-phong-10000mah-hoco-j48-chinh-hang-02-cong-usb-2a-polymer-a'),('PR0040','sup_name','Pin dự phòng 10.000mAh HOCO J48 Chính hãng (02 cổng USB 2A, POLYMER A+)'),('PR0040','sup_warranty','12T'),('PR0041','color','Trắng'),('PR0042','color','Đen'),('PR0043','name','Pin dự phòng LANEX LPB-N12'),('PR0043','sup_link','https://phatdatcomputer.vn/san-pham/pin-du-phong-10000mah-lanex-lpbn12-blackgreen-polymer-a-2-cong-usb-21a-man-hinh-led'),('PR0043','sup_name','Pin dự phòng 10.000mAh LANEX LPB-N12 Black/Green (Polymer A+, 2 cổng USB 2.1A, màn hình LED)'),('PR0043','sup_warranty','12T'),('PR0044','color','Xanh'),('PR0045','color','Đen'),('PR0046','name','Pin dự phòng LANEX LPB-P06'),('PR0046','sup_link','https://phatdatcomputer.vn/san-pham/pin-du-phong-10000mah-lanex-lpbp06-black-polymer-a-2-cong-usb-1-cong-typec-30a-pd-qc30-18w'),('PR0046','sup_name','Pin dự phòng 10.000mAh LANEX LPB-P06 Black (Polymer A+, 2 cổng USB, 1 cổng Type-C 3.0A, PD, QC3.0, 1'),('PR0046','sup_warranty','12T'),('PR0047','name','Pin dự phòng BOROFONE BT26A'),('PR0047','sup_link','https://phatdatcomputer.vn/san-pham/pin-du-phong-20000mah-borofone-bt26a-white-chinh-hang'),('PR0047','sup_name','Pin dự phòng 20.000mAh BOROFONE BT26A White Chính hãng'),('PR0047','sup_warranty','12T'),('PR0048','color','Trắng'),('PR0049','color','Đen'),('PR0050','name','Pin dự phòng LANEX LPB-N18'),('PR0050','sup_link','https://phatdatcomputer.vn/san-pham/pin-du-phong-20000mah-lanex-lpbn18-blackwhite-2-cong-usb-21a-den-led'),('PR0050','sup_name','Pin dự phòng 20.000mAh LANEX LPB-N18 Black/White (2 cổng USB 2.1A, Đèn LED)'),('PR0050','sup_warranty','12T'),('PR0051','color','Trắng'),('PR0052','color','Đen'),('PR0053','name','Pin dự phòng LANEX LPB-N21'),('PR0053','sup_link','https://phatdatcomputer.vn/san-pham/pin-du-phong-30000mah-lanex-lpbn21-blackwhite-chinh-hang-2-cong-usb-21a-led'),('PR0053','sup_name','Pin dự phòng 30.000mAh LANEX LPB-N21 Black/White Chính hãng (2 cổng USB 2.1A, LED) '),('PR0053','sup_warranty','BT'),('PR0054','color','Trắng'),('PR0055','color','Đen'),('PR0056','name','Pin dự phòng HOCO J60'),('PR0056','sup_link','https://phatdatcomputer.vn/san-pham/pin-du-phong-30000mah-hoco-j60-blackwhite-chinh-hang-4-cong-usb-led'),('PR0056','sup_name','Pin dự phòng 30.000mAh HOCO J60 Black/White Chính hãng (4 Cổng USB, LED)'),('PR0056','sup_warranty','12T'),('PR0057','color','Đen'),('PR0058','color','Trắng'),('PR0059','name','Cóc sạc HOCO UH102'),('PR0059','sup_link','https://phatdatcomputer.vn/san-pham/coc-sac-hoco-uh102-chinh-hang'),('PR0059','sup_name','Cóc sạc HOCO UH102 Chính hãng'),('PR0059','sup_warranty','12T'),('PR0060','name','Cóc sạc HOCO C39'),('PR0060','sup_link','https://phatdatcomputer.vn/san-pham/coc-sac-hoco-c39-24a-2-usb-man-hinh-led'),('PR0060','sup_name','Cóc sạc HOCO C39 2.4A (2 USB – Màn hình LED)'),('PR0060','sup_warranty','12T'),('PR0061','color','Trắng'),('PR0062','color','Đen'),('PR0063','name','Cóc sạc nhanh HOCO DC03 PRO MAX'),('PR0063','sup_link','https://phatdatcomputer.vn/san-pham/coc-sac-nhanh-hoco-dc03-pro-max-3-cong-usb-34a-man-hinh-led'),('PR0063','sup_name','Cóc sạc nhanh HOCO DC03 PRO MAX (3 cổng USB 3.4A, màn hình LED)'),('PR0063','sup_warranty','12T'),('PR0064','name','Cóc sạc nhanh HOCO C80'),('PR0064','sup_link','https://phatdatcomputer.vn/san-pham/coc-sac-nhanh-hoco-c80-1-cong-usb-typec-31a-qc-31-18w'),('PR0064','sup_name','Cóc sạc nhanh HOCO C80 (1 cổng USB, Type-C 3.1A, QC 3.1, 18W)'),('PR0064','sup_warranty','12T'),('PR0065','name','Cáp sạc nhanh HOCO DU10 PRO'),('PR0065','sup_link','https://phatdatcomputer.vn/san-pham/cap-sac-nhanh-hoco-du10-pro-typec-day-du-025m-30a'),('PR0065','sup_name','Cáp sạc nhanh HOCO DU10 PRO Type-C (Dây dù, 0.25m, 3.0A)'),('PR0065','sup_warranty','12T'),('PR0066','color','Xanh'),('PR0067','color','Đen'),('PR0068','name','Cáp sạc ROMOSS Lightning'),('PR0068','sup_link','https://phatdatcomputer.vn/san-pham/cap-sac-romoss-lightning-day-dep-chinh-hang'),('PR0068','sup_name','Cáp sạc ROMOSS Lightning Dây dẹp Chính hãng'),('PR0068','sup_warranty','12T'),('PR0069','name','Cáp sạc nhanh HOCO U55'),('PR0070','color','Đỏ - usb'),('PR0070','sup_link','https://phatdatcomputer.vn/san-pham/cap-sac-nhanh-hoco-u55-microusb-day-du-24a-12m'),('PR0070','sup_name','Cáp sạc nhanh HOCO U55 MicroUSB (Dây dù, 2.4A, 1.2m)'),('PR0070','sup_warranty','12T'),('PR0071','color','Đen - usb'),('PR0071','sup_link','https://phatdatcomputer.vn/san-pham/cap-sac-nhanh-hoco-u55-microusb-day-du-24a-12m'),('PR0071','sup_name','Cáp sạc nhanh HOCO U55 MicroUSB (Dây dù, 2.4A, 1.2m)'),('PR0071','sup_warranty','12T'),('PR0072','color','Đỏ - typec'),('PR0072','sup_link','https://phatdatcomputer.vn/san-pham/cap-sac-nhanh-hoco-u55-typec-day-du-24a-12m'),('PR0072','sup_name','Cáp sạc nhanh HOCO U55 Type-C (Dây dù, 2.4A, 1.2m)'),('PR0072','sup_warranty','12T'),('PR0073','color','Đen - typec'),('PR0073','sup_link','https://phatdatcomputer.vn/san-pham/cap-sac-nhanh-hoco-u55-typec-day-du-24a-12m'),('PR0073','sup_name','Cáp sạc nhanh HOCO U55 Type-C (Dây dù, 2.4A, 1.2m)'),('PR0073','sup_warranty','12T'),('PR0074','name','Cáp sạc nhanh HOCO U70'),('PR0075','color','Đỏ - typec'),('PR0075','sup_link','https://phatdatcomputer.vn/san-pham/cap-sac-nhanh-hoco-u70-typec-24a-12m'),('PR0076','color','Đen - typec'),('PR0076','sup_link','https://phatdatcomputer.vn/san-pham/cap-sac-nhanh-hoco-u70-typec-24a-12m'),('PR0077','color','Đỏ - usb'),('PR0077','sup_link','https://phatdatcomputer.vn/san-pham/cap-sac-nhanh-hoco-u70-microusb-24a-12m'),('PR0078','color','Đen - usb'),('PR0078','sup_link','https://phatdatcomputer.vn/san-pham/cap-sac-nhanh-hoco-u70-microusb-24a-12m'),('PR0079','color','Đỏ - lightning'),('PR0079','sup_link','https://phatdatcomputer.vn/san-pham/cap-sac-nhanh-hoco-u70-lightning-24a-12m'),('PR0080','color','Đen - lightning'),('PR0080','sup_link','https://phatdatcomputer.vn/san-pham/cap-sac-nhanh-hoco-u70-lightning-24a-12m'),('PR0081','name','Cáp sạc nhanh HOCO DU10 Max'),('PR0082','color','Xanh'),('PR0082','sup_link','https://phatdatcomputer.vn/san-pham/cap-sac-nhanh-hoco-du10-max-lightning-day-du-30a-2m'),('PR0082','sup_name','Cáp sạc nhanh HOCO DU10 Max Lightning (Dây dù, 3.0A, 2m) '),('PR0082','sup_warranty','12T'),('PR0083','color','Đen'),('PR0083','sup_link','https://phatdatcomputer.vn/san-pham/cap-sac-nhanh-hoco-du10-max-lightning-day-du-30a-2m'),('PR0083','sup_name','Cáp sạc nhanh HOCO DU10 Max Lightning (Dây dù, 3.0A, 2m) '),('PR0083','sup_warranty','12T'),('PR0084','color','Xanh'),('PR0084','sup_link','https://phatdatcomputer.vn/san-pham/cap-sac-nhanh-hoco-du10-max-microusb-day-du-30a-2m'),('PR0084','sup_name','Cáp sạc nhanh HOCO DU10 Max MicroUSB (Dây dù, 3.0A, 2m)'),('PR0084','sup_warranty','12T'),('PR0085','color','Đen'),('PR0085','sup_link','https://phatdatcomputer.vn/san-pham/cap-sac-nhanh-hoco-du10-max-microusb-day-du-30a-2m'),('PR0085','sup_name','Cáp sạc nhanh HOCO DU10 Max MicroUSB (Dây dù, 3.0A, 2m)'),('PR0085','sup_warranty','12T'),('PR0086','color','Xanh'),('PR0086','sup_link','https://phatdatcomputer.vn/san-pham/cap-sac-nhanh-hoco-du10-max-typec-day-du-30a-2m'),('PR0086','sup_name','Cáp sạc nhanh HOCO DU10 Max Type-C (Dây dù, 3.0A, 2m)'),('PR0086','sup_warranty','12T'),('PR0087','color','Đen'),('PR0087','sup_link','https://phatdatcomputer.vn/san-pham/cap-sac-nhanh-hoco-du10-max-typec-day-du-30a-2m'),('PR0087','sup_name','Cáp sạc nhanh HOCO DU10 Max Type-C (Dây dù, 3.0A, 2m)'),('PR0087','sup_warranty','12T'),('PR0088','name','Cáp sạc BOROFONE BX32'),('PR0089','color','Đỏ - usb'),('PR0089','sup_link','https://phatdatcomputer.vn/san-pham/cap-sac-borofone-bx32-microusb-nhua-tpe-025m'),('PR0089','sup_name','Cáp sạc BOROFONE BX32 MicroUSB (Nhựa TPE, 0.25m)'),('PR0089','sup_warranty','12T'),('PR0090','color','Đen - usb'),('PR0090','sup_link','https://phatdatcomputer.vn/san-pham/cap-sac-borofone-bx32-microusb-nhua-tpe-025m'),('PR0090','sup_name','Cáp sạc BOROFONE BX32 MicroUSB (Nhựa TPE, 0.25m)'),('PR0090','sup_warranty','12T'),('PR0091','color','Đỏ - typec'),('PR0091','sup_link','https://phatdatcomputer.vn/san-pham/cap-sac-borofone-bx32-typec-nhua-tpe-025m'),('PR0091','sup_name','Cáp sạc BOROFONE BX32 Type-C (Nhựa TPE, 0.25m)'),('PR0091','sup_warranty','12T'),('PR0092','color','Đen - typec'),('PR0092','sup_link','https://phatdatcomputer.vn/san-pham/cap-sac-borofone-bx32-typec-nhua-tpe-025m'),('PR0092','sup_name','Cáp sạc BOROFONE BX32 Type-C (Nhựa TPE, 0.25m)'),('PR0092','sup_warranty','12T'),('PR0093','name','Cáp sạc nhanh HOCO X56 Type-C to Lightning'),('PR0093','sup_link','https://phatdatcomputer.vn/san-pham/cap-sac-nhanh-hoco-x56-typec-to-lightning-white-30a-nylon-fiber-pd-20w-1m'),('PR0093','sup_name','Cáp sạc nhanh HOCO X56 Type-C to Lightning White (3.0A, Nylon Fiber, PD 20W, 1m)'),('PR0093','sup_warranty','12T'),('PR0094','name','Bộ sạc nhanh HOCO DC28'),('PR0095','name','Bộ sạc nhanh HOCO DC28 Lightning'),('PR0095','sup_link','https://phatdatcomputer.vn/san-pham/bo-sac-nhanh-hoco-dc28-lightning-2-cong-usb-5a-max-led-1m'),('PR0095','sup_name','Bộ sạc nhanh HOCO DC28 Lightning (2 cổng USB, 5A max, LED, 1m)'),('PR0095','sup_warranty','12T'),('PR0096','name','Bộ sạc nhanh HOCO DC28 Type-C'),('PR0096','sup_link','https://phatdatcomputer.vn/san-pham/bo-sac-nhanh-hoco-dc28-typec-2-cong-usb-5a-max-led-1m'),('PR0096','sup_name','Bộ sạc nhanh HOCO DC28 Type-C (2 cổng USB, 5A max, LED, 1m)'),('PR0096','sup_warranty','12T'),('PR0097','name','Bộ sạc nhanh HOCO DC28 MicroUSB'),('PR0097','sup_link','https://phatdatcomputer.vn/san-pham/bo-sac-nhanh-hoco-dc28-microusb-2-cong-usb-5a-max-led-1m'),('PR0097','sup_name','Bộ sạc nhanh HOCO DC28 MicroUSB (2 cổng USB, 5A max, LED, 1m)'),('PR0097','sup_warranty','12T'),('PR0098','name','Bộ cóc cáp sạc BOROFONE BA25A'),('PR0099','name','Bộ cóc cáp sạc BOROFONE BA25A MicroUSB'),('PR0099','sup_link','https://phatdatcomputer.vn/san-pham/bo-coc-cap-sac-borofone-ba25a-microusb-2-cong-usb'),('PR0099','sup_name','Bộ cóc cáp sạc BOROFONE BA25A MicroUSB (2 cổng Usb)'),('PR0099','sup_warranty','12T'),('PR0100','name','Bộ cóc cáp sạc BOROFONE BA25A Lightning'),('PR0100','sup_link','https://phatdatcomputer.vn/san-pham/bo-coc-cap-sac-borofone-ba25a-lightning-2-cong-usb'),('PR0100','sup_name','Bộ cóc cáp sạc BOROFONE BA25A Lightning (2 cổng Usb)'),('PR0100','sup_warranty','12T'),('PR0101','name','Bộ cóc cáp sạc BOROFONE BA25A Type-C'),('PR0101','sup_link','https://phatdatcomputer.vn/san-pham/bo-coc-cap-sac-borofone-ba25a-typec-2-cong-usb'),('PR0101','sup_name','Bộ cóc cáp sạc BOROFONE BA25A Type-C (2 cổng Usb)'),('PR0101','sup_warranty','12T'),('PR0102','name','Mouse BOSSTON M15'),('PR0102','sup_link','https://phatdatcomputer.vn/san-pham/mouse-bosston-m15-led-usb-chinh-hang'),('PR0102','sup_name','Mouse BOSSTON M15 LED USB Chính hãng'),('PR0102','sup_warranty','12T'),('PR0103','color','Đen'),('PR0104','color','Trắng'),('PR0105','name','Mouse BOSSTON D608'),('PR0105','sup_link','https://phatdatcomputer.vn/san-pham/mouse-bosston-d608-usb-chinh-hang'),('PR0105','sup_name','Mouse BOSSTON D608 USB Chính hãng'),('PR0105','sup_warranty','12T'),('PR0106','color','Trắng'),('PR0107','color','Đen'),('PR0108','name','Mouse BOSSTON R30A'),('PR0108','sup_link','https://phatdatcomputer.vn/san-pham/mouse-bosston-r30a-led-usb-chinh-hang'),('PR0108','sup_name','Mouse BOSSTON R30A LED USB Chính hãng'),('PR0108','sup_warranty','12T'),('PR0109','name','Mouse BOSSTON GM100'),('PR0109','sup_link','https://phatdatcomputer.vn/san-pham/mouse-bosston-gm100-led-usb-chinh-hang'),('PR0109','sup_name','Mouse BOSSTON GM100 LED USB Chính hãng'),('PR0109','sup_warranty','12T'),('PR0110','color','Trắng'),('PR0111','color','Đen'),('PR0112','name','Mouse iMICE V9 Gaming'),('PR0112','sup_link','https://phatdatcomputer.vn/san-pham/mouse-imice-v9-gaming-chinh-hang-day-du-led'),('PR0112','sup_name','Mouse iMICE V9 Gaming Chính hãng (Dây dù, Led)'),('PR0112','sup_warranty','12T'),('PR0113','name','Mouse APEDRA M5 Gaming'),('PR0113','sup_link','https://phatdatcomputer.vn/san-pham/mouse-apedra-m5-gaming-chinh-hang'),('PR0113','sup_name','Mouse APEDRA M5 Gaming Chính hãng'),('PR0113','sup_warranty','12T'),('PR0114','name','Mouse APEDRA A7 Gaming'),('PR0114','sup_link','https://phatdatcomputer.vn/san-pham/mouse-apedra-a7-gaming-chinh-hang-day-du-led'),('PR0114','sup_name','Mouse APEDRA A7 Gaming Chính hãng (Dây dù, Led)'),('PR0114','sup_warranty','12T'),('PR0115','name','Mouse RAINBOW-GEAR R102 Gaming'),('PR0115','sup_link','https://phatdatcomputer.vn/san-pham/mouse-rainbowgear-r102-usb-led-rgb-gaming'),('PR0115','sup_name','Mouse RAINBOW-GEAR R102 USB Led RGB Gaming'),('PR0115','sup_warranty','12T'),('PR0116','name','Mouse RAINBOW-GEAR R350 Gaming'),('PR0116','sup_link','https://phatdatcomputer.vn/san-pham/mouse-rainbowgear-r350-usb-led-rgb-gaming-cao-cap'),('PR0116','sup_name','Mouse RAINBOW-GEAR R350 USB Led RGB Gaming Cao cấp '),('PR0116','sup_warranty','12T'),('PR0117','name','Mouse ko dây NEWMEN F266'),('PR0117','sup_link','https://phatdatcomputer.vn/san-pham/mouse-ko-day-newmen-f266-chinh-hang'),('PR0117','sup_name','Mouse ko dây NEWMEN F266 Chính hãng'),('PR0117','sup_warranty','12T'),('PR0118','name','Mouse ko dây FD-i2'),('PR0118','sup_link','https://phatdatcomputer.vn/san-pham/mouse-ko-day-fdi2-chinh-hang'),('PR0118','sup_name','Mouse ko dây FD-i2 Chính hãng'),('PR0118','sup_warranty','12T'),('PR0119','color','Vàng'),('PR0120','color','Xanh'),('PR0121','name','Mouse ko dây FD-i882'),('PR0121','sup_link','https://phatdatcomputer.vn/san-pham/mouse-ko-day-fdi882-blue-chinh-hang'),('PR0121','sup_name','Mouse ko dây FD-i882 Blue/Red Chính hãng'),('PR0121','sup_warranty','12T'),('PR0122','color','Đỏ'),('PR0123','color','Xanh'),('PR0124','color','Trắng'),('PR0125','color','Đen'),('PR0126','name','Mouse ko dây FD-V8'),('PR0126','sup_link','https://phatdatcomputer.vn/san-pham/mouse-ko-day-fdv8-bluegreengray-chinh-hang'),('PR0126','sup_name','Mouse ko dây FD-V8 Blue/Green/Gray Chính hãng'),('PR0126','sup_warranty','12T'),('PR0127','color','Xanh ngọc'),('PR0128','color','Xanh dương'),('PR0129','color','Hồng'),('PR0130','color','Xám'),('PR0131','name','Mouse ko dây T-WOLF Q13'),('PR0131','sup_link','https://phatdatcomputer.vn/san-pham/mouse-ko-day-twolf-q13'),('PR0131','sup_name','Mouse ko dây T-WOLF Q13'),('PR0131','sup_warranty','6T'),('PR0132','name','Pad mouse Razer X3 Chuyên game'),('PR0132','sup_link','https://phatdatcomputer.vn/san-pham/pad-mouse-razer-x3-chuyen-game-kho-lon'),('PR0132','sup_name','Pad mouse Razer X3 Chuyên game (khổ lớn)'),('PR0132','sup_warranty','BT'),('PR0133','name','Pad Mouse S6 Chuyên game'),('PR0133','sup_link','https://phatdatcomputer.vn/san-pham/pad-mouse-s6-chuyen-game-800x300x3mm'),('PR0133','sup_name','Pad Mouse S6 Chuyên game (800x300x3mm)'),('PR0133','sup_warranty','BT'),('PR0133','thumbnail','/public/image/product/large/padmouse_s6_01.jpg'),('PR0134','name','Pad mouse S9 Chuyên game'),('PR0134','sup_link','https://phatdatcomputer.vn/san-pham/pad-mouse-s9-chuyen-game-780x300x5mm'),('PR0134','sup_name','Pad mouse S9 Chuyên game (780x300x5mm)'),('PR0134','sup_warranty','BT'),('PR0135','name','Pad mouse ESTONE Chuyên game'),('PR0135','sup_link','https://phatdatcomputer.vn/san-pham/pad-mouse-estone-chuyen-game-290x250x3mm'),('PR0135','sup_name','Pad mouse ESTONE Chuyên game (290x250x3mm)'),('PR0135','sup_warranty','BT'),('PR0136','name','Pad mouse iMICE Chuyên game'),('PR0136','sup_link','https://phatdatcomputer.vn/san-pham/pad-mouse-imice-chuyen-game-800x300x3mm'),('PR0136','sup_name','Pad mouse iMICE Chuyên game (800x300x3mm)'),('PR0136','sup_warranty','BT'),('PR0137','color','Xanh dương'),('PR0138','color','Vàng'),('PR0139','color','Tím'),('PR0140','color','Đỏ'),('PR0141','color','Xanh lá'),('PR0142','name','Keyboard Bosston MIni 868'),('PR0142','sup_link','https://phatdatcomputer.vn/san-pham/keyboard-bosston-mini-868'),('PR0142','sup_name','Keyboard Bosston MIni 868'),('PR0142','sup_warranty','12T'),('PR0143','name','Keyboard BOSSTON K830'),('PR0143','sup_link','https://phatdatcomputer.vn/san-pham/keyboard-bosston-k830-usb-chinh-hang'),('PR0143','sup_name','Keyboard BOSSTON K830 USB Chính hãng'),('PR0143','sup_warranty','12T'),('PR0144','name','Keyboard NEWMEN E340'),('PR0144','sup_link','https://phatdatcomputer.vn/san-pham/keyboard-newmen-e340-usb-chinh-hang'),('PR0144','sup_name','Keyboard NEWMEN E340 USB Chính hãng'),('PR0144','sup_warranty','12T'),('PR0145','name','Keyboard T-WOLF TF-20'),('PR0145','sup_link','https://phatdatcomputer.vn/san-pham/keyboard-twolf-tf20-led-7-mau-usb'),('PR0145','sup_name','Keyboard T-WOLF TF-20 Led 7 màu USB'),('PR0145','sup_warranty','12T'),('PR0146','name','Keyboard BOSSTON 808'),('PR0146','sup_link','https://phatdatcomputer.vn/san-pham/keyboard-bosston-808-usb-chinh-hang'),('PR0146','sup_name','Keyboard BOSSTON 808 USB Chính hãng '),('PR0146','sup_warranty','12T'),('PR0147','name','Keyboard BOSSTON K380'),('PR0147','sup_link','https://phatdatcomputer.vn/san-pham/keyboard-bosston-k380-led-usb-chinh-hang-gia-co'),('PR0147','sup_name','Keyboard BOSSTON K380 LED USB Chính hãng (Giả cơ)'),('PR0147','sup_warranty','12T'),('PR0148','name','Keyboard BOSSTON MK912'),('PR0148','sup_link','https://phatdatcomputer.vn/san-pham/keyboard-bosston-mk912-phim-co-9-che-do-led'),('PR0148','sup_name','Keyboard BOSSTON MK912 (Phím cơ - 9 chế độ Led) '),('PR0148','sup_warranty','12T'),('PR0149','name','Keyboard HP GK-320'),('PR0149','sup_link','https://phatdatcomputer.vn/san-pham/keyboard-hp-gk320-den-chinh-hang-usb-phim-co'),('PR0149','sup_name','Keyboard HP GK-320 Đen Chính hãng (USB – Phím cơ)'),('PR0149','sup_warranty','12T'),('PR0150','name','Keyboard PHILIPS SPK-8614GR'),('PR0150','sup_link','https://phatdatcomputer.vn/san-pham/keyboard-philips-spk8614gr-bac-led-chinh-hang-usb-phim-co-red-swicth'),('PR0150','sup_name','Keyboard PHILIPS SPK-8614GR Bạc led Chính hãng (USB – Phím cơ Red Swicth)'),('PR0150','sup_warranty','12T'),('PR0151','name','Combo ko dây FD-iK1500'),('PR0151','sup_link','https://phatdatcomputer.vn/san-pham/combo-ko-day-keyboard-mouse-fdik1500-chinh-hang'),('PR0151','sup_name','Combo ko dây Keyboard + Mouse FD-iK1500 Chính hãng '),('PR0151','sup_warranty','12T'),('PR0152','color','Đỏ'),('PR0153','color','Xanh'),('PR0154','color','Vàng'),('PR0155','color','Đen'),('PR0156','name','Combo ko dây SIMETECH SM9000 Mini'),('PR0156','sup_link','https://phatdatcomputer.vn/san-pham/combo-ko-day-keyboard-mouse-simetech-sm9000-mini-blackbluepink-nut-tron'),('PR0156','sup_name','Combo ko dây Keyboard + Mouse SIMETECH SM9000 Mini Black/Blue/Pink (nút tròn) '),('PR0156','sup_warranty','12T'),('PR0157','color','Xanh'),('PR0158','color','Hồng'),('PR0159','color','Đen'),('PR0160','name','Combo ko dây PSPY K68'),('PR0160','sup_link','https://phatdatcomputer.vn/san-pham/combo-ko-day-keyboard-mouse-pspy-k68-blackyellow-chinh-hang'),('PR0160','sup_name','Combo ko dây Keyboard + Mouse PSPY K68 Black/Yellow Chính hãng'),('PR0160','sup_warranty','12T'),('PR0161','color','Vàng'),('PR0162','color','Xanh dương'),('PR0163','color','Đen'),('PR0164','name','Combo ko dây FD-iK7300'),('PR0164','sup_link','https://phatdatcomputer.vn/san-pham/combo-ko-day-keyboard-mouse-fdik7300-blackwhite-chinh-hang'),('PR0164','sup_name','Combo ko dây Keyboard + Mouse FD-iK7300 Black/White Chính hãng'),('PR0164','sup_warranty','12T'),('PR0165','color','Đen'),('PR0166','color','Trắng'),('PR0167','name','Đế tản nhiệt Laptop VSP COOLER N27'),('PR0167','sup_link','https://phatdatcomputer.vn/san-pham/de-tan-nhiet-laptop-vsp-cooler-n27-1fan-14156'),('PR0167','sup_name','Đế tản nhiệt Laptop VSP COOLER N27 1FAN (14\'-15.6\')'),('PR0167','sup_warranty','6T'),('PR0168','name','Đế tản nhiệt Laptop VSP COOLER N22'),('PR0168','sup_link','https://phatdatcomputer.vn/san-pham/de-tan-nhiet-laptop-vsp-cooler-n22-6fan-14156'),('PR0168','sup_name','Đế tản nhiệt Laptop VSP COOLER N22 6FAN (14\'-15.6\')'),('PR0168','sup_warranty','6T'),('PR0169','name','Loa Bluetooth Kisonli 904'),('PR0169','sup_link','https://phatdatcomputer.vn/san-pham/loa-bluetooth-kisonli-led-904'),('PR0169','sup_name','Loa Bluetooth Kisonli LED 904'),('PR0169','sup_warranty','12T'),('PR0170','name','Loa Bluetooth Kisonli LED 901'),('PR0170','sup_link','https://phatdatcomputer.vn/san-pham/loa-bluetooth-kisonli-led-901'),('PR0170','sup_name','Loa Bluetooth Kisonli LED 901'),('PR0170','sup_warranty','12T'),('PR0171','name','Loa Bluetooth BOROFONE BR1'),('PR0171','sup_link','https://phatdatcomputer.vn/san-pham/loa-bluetooth-borofone-br1-chinh-hang-v50-pin-1200mah-tf-usb'),('PR0171','sup_name','Loa Bluetooth BOROFONE BR1 Chính hãng (v5.0, Pin 1200mAh, TF, USB)'),('PR0171','sup_warranty','12T'),('PR0172','color','Đỏ'),('PR0173','color','Xanh dương'),('PR0174','color','Trắng'),('PR0175','color','Đen'),('PR0178','name','Loa Bluetooth BOROFONE BR2 Mini'),('PR0178','sup_link','https://phatdatcomputer.vn/san-pham/loa-bluetooth-borofone-br2-mini-blackwhitegreenred-chinh-hang-v50-pin-1200mah-tf-usb'),('PR0178','sup_name','Loa Bluetooth BOROFONE BR2 Mini Black/White/Green/Red Chính hãng (v5.0, Pin 1200mAh, TF, USB)'),('PR0178','sup_warranty','12T'),('PR0179','color','Xanh ngọc'),('PR0180','color','Hồng'),('PR0181','color','Trắng'),('PR0182','color','Đen'),('PR0183','name','Loa Bluetooth LANEX W05'),('PR0183','sup_link','https://phatdatcomputer.vn/san-pham/loa-bluetooth-lanex-w05-chinh-hang'),('PR0183','sup_name','Loa Bluetooth LANEX W05 Chính hãng'),('PR0183','sup_warranty','12T'),('PR0184','color','Xanh'),('PR0185','color','Đen');
/*!40000 ALTER TABLE `product_eav_varchar` ENABLE KEYS */;
UNLOCK TABLES;

--
-- Table structure for table `product_entity`
--

DROP TABLE IF EXISTS `product_entity`;
/*!40101 SET @saved_cs_client     = @@character_set_client */;
/*!50503 SET character_set_client = utf8mb4 */;
CREATE TABLE `product_entity` (
  `entity_id` varchar(50) NOT NULL,
  `type_id` enum('simple','master','variant','grouped','bundle') DEFAULT 'simple',
  `parent` varchar(50) DEFAULT NULL,
  `created_at` bigint DEFAULT NULL,
  `updated_at` bigint DEFAULT NULL,
  PRIMARY KEY (`entity_id`)
) ENGINE=InnoDB DEFAULT CHARSET=utf8mb4 COLLATE=utf8mb4_0900_ai_ci;
/*!40101 SET character_set_client = @saved_cs_client */;

--
-- Dumping data for table `product_entity`
--

LOCK TABLES `product_entity` WRITE;
/*!40000 ALTER TABLE `product_entity` DISABLE KEYS */;
INSERT INTO `product_entity` VALUES ('PR0001','master',NULL,1620741861836,1621574441443),('PR0002','variant','PR0001',1620741992900,1620741992900),('PR0003','variant','PR0001',1620742022135,1620742022135),('PR0004','master',NULL,1620742093785,1621583698374),('PR0005','variant','PR0004',1620742145364,1621583624723),('PR0006','variant','PR0004',1620742155390,1621583647415),('PR0007','variant','PR0004',1620742163444,1621583286861),('PR0008','master',NULL,1620742287751,1621583832763),('PR0009','variant','PR0008',1620742313203,1620742313203),('PR0010','variant','PR0008',1620742324283,1621583882673),('PR0011','variant','PR0008',1620742335435,1620742335435),('PR0012','simple',NULL,1620742385868,1621583195872),('PR0013','master',NULL,1620742494152,1620742494152),('PR0014','variant','PR0013',1620742517273,1620742517273),('PR0015','variant','PR0013',1620742524755,1620742524755),('PR0016','master',NULL,1620742584669,1621585517089),('PR0017','variant','PR0016',1620742608025,1621585574778),('PR0018','variant','PR0016',1620742620243,1621585596477),('PR0019','master',NULL,1620742716705,1621586103582),('PR0020','variant','PR0019',1620742737859,1621586120548),('PR0021','variant','PR0019',1620742745290,1621586391513),('PR0022','master',NULL,1620742802350,1621587044217),('PR0023','variant','PR0022',1620742824789,1621587053238),('PR0024','variant','PR0022',1620742839530,1621587060265),('PR0025','simple',NULL,1620742883702,1621587196332),('PR0026','master',NULL,1620742958627,1621587275600),('PR0027','variant','PR0026',1620742993142,1620742993142),('PR0028','variant','PR0026',1620743004460,1620743004460),('PR0029','simple',NULL,1620743143000,1621587314744),('PR0030','simple',NULL,1620743204992,1621587343623),('PR0031','master',NULL,1620743259015,1621587396645),('PR0032','variant','PR0031',1620743279544,1621587406763),('PR0033','variant','PR0031',1620743289019,1620743289019),('PR0034','master',NULL,1620743339453,1621587451787),('PR0035','variant','PR0034',1620743364532,1621587459967),('PR0036','variant','PR0034',1620743375477,1621587468419),('PR0037','master',NULL,1620743444676,1621587801955),('PR0038','variant','PR0037',1620743465032,1621587813133),('PR0039','variant','PR0037',1620743473480,1620743473480),('PR0040','master',NULL,1620743548653,1621587859563),('PR0041','variant','PR0040',1620743565950,1621587867580),('PR0042','variant','PR0040',1620743579415,1621587879553),('PR0043','master',NULL,1620743624299,1620743624299),('PR0044','variant','PR0043',1620743653637,1620743653637),('PR0045','variant','PR0043',1620743661390,1620743661390),('PR0046','simple',NULL,1620743738247,1620743738247),('PR0047','master',NULL,1620743795818,1620743795818),('PR0048','variant','PR0047',1620743819062,1620743819062),('PR0049','variant','PR0047',1620743826340,1620743826340),('PR0050','master',NULL,1620743879700,1620743879700),('PR0051','variant','PR0050',1620743902956,1620743902956),('PR0052','variant','PR0050',1620743910285,1620743910285),('PR0053','master',NULL,1620743979956,1620743979956),('PR0054','variant','PR0053',1620744001883,1620744001883),('PR0055','variant','PR0053',1620744014036,1620744014036),('PR0056','master',NULL,1620744090745,1621587974845),('PR0057','variant','PR0056',1620744115845,1621587986813),('PR0058','variant','PR0056',1620744124859,1621587996141),('PR0059','simple',NULL,1620744243982,1620744243982),('PR0060','master',NULL,1620744302316,1621588194400),('PR0061','variant','PR0060',1620744324973,1621588208762),('PR0062','variant','PR0060',1620744332189,1621588217771),('PR0063','simple',NULL,1620744391547,1620744391547),('PR0064','simple',NULL,1620744427074,1621588293213),('PR0065','master',NULL,1620744546632,1620744546632),('PR0066','variant','PR0065',1620744565911,1620744565911),('PR0067','variant','PR0065',1620744575897,1620744575897),('PR0068','simple',NULL,1620744620396,1621589079557),('PR0069','master',NULL,1620744690434,1621589320102),('PR0070','variant','PR0069',1620744711049,1620744856125),('PR0071','variant','PR0069',1620744719173,1620744867810),('PR0072','variant','PR0069',1620744784530,1621590486752),('PR0073','variant','PR0069',1620744793333,1620744892104),('PR0074','master',NULL,1620744990544,1621590288042),('PR0075','variant','PR0074',1620745049057,1621590308172),('PR0076','variant','PR0074',1620745080530,1621157463356),('PR0077','variant','PR0074',1620745118501,1621590337222),('PR0078','variant','PR0074',1620745126159,1621590350903),('PR0079','variant','PR0074',1620745148518,1621590363249),('PR0080','variant','PR0074',1620745159239,1621590375992),('PR0081','master',NULL,1620745207637,1620745207637),('PR0082','variant','PR0081',1620745300106,1620745300106),('PR0083','variant','PR0081',1620745322043,1620745322043),('PR0084','variant','PR0081',1620745354552,1620745354552),('PR0085','variant','PR0081',1620745372157,1620745372157),('PR0086','variant','PR0081',1620745396315,1620745396315),('PR0087','variant','PR0081',1620745404989,1620745404989),('PR0088','master',NULL,1620745469244,1621590639523),('PR0089','variant','PR0088',1620745498782,1621590714903),('PR0090','variant','PR0088',1620745509201,1621590768066),('PR0091','variant','PR0088',1620745523361,1621590803100),('PR0092','variant','PR0088',1620745532736,1621590811058),('PR0093','simple',NULL,1620745593743,1621590916880),('PR0094','master',NULL,1620746703986,1620746703986),('PR0095','variant','PR0094',1620746786775,1620746786775),('PR0096','variant','PR0094',1620746809798,1620746809798),('PR0097','variant','PR0094',1620746835341,1620746835341),('PR0098','master',NULL,1620746883307,1621591029735),('PR0099','variant','PR0098',1620746921886,1621591043560),('PR0100','variant','PR0098',1620746948876,1620746948876),('PR0101','variant','PR0098',1620746970576,1620746970576),('PR0102','master',NULL,1620748649715,1621591102758),('PR0103','variant','PR0102',1620748671370,1620748671370),('PR0104','variant','PR0102',1620748680307,1620748680307),('PR0105','master',NULL,1620748720302,1621591344659),('PR0106','variant','PR0105',1620748741470,1620748741470),('PR0107','variant','PR0105',1620748751674,1620748751674),('PR0108','simple',NULL,1620748790220,1621591396705),('PR0109','master',NULL,1620748847477,1621591432582),('PR0110','variant','PR0109',1620748871792,1621591465006),('PR0111','variant','PR0109',1620748883022,1621591472467),('PR0112','simple',NULL,1620748943885,1621591530064),('PR0113','simple',NULL,1620748975321,1621591768977),('PR0114','simple',NULL,1620749017513,1620749017513),('PR0115','simple',NULL,1620749057547,1621591797283),('PR0116','simple',NULL,1620749092435,1621591838486),('PR0117','simple',NULL,1620749156420,1621591907164),('PR0118','master',NULL,1620749194714,1621591976936),('PR0119','variant','PR0118',1620749212852,1621591984670),('PR0120','variant','PR0118',1620749221401,1621591992568),('PR0121','master',NULL,1620749265774,1621165797545),('PR0122','variant','PR0121',1620749300642,1621592072824),('PR0123','variant','PR0121',1620749308200,1621592082256),('PR0124','variant','PR0121',1620749316707,1621592089488),('PR0125','variant','PR0121',1620749323992,1621592103977),('PR0126','master',NULL,1620749373539,1621592804238),('PR0127','variant','PR0126',1620749405129,1621592837462),('PR0128','variant','PR0126',1620749417296,1621592847758),('PR0129','variant','PR0126',1620749427991,1621592856999),('PR0130','variant','PR0126',1620749435636,1621592866299),('PR0131','simple',NULL,1620749474502,1621592909035),('PR0132','simple',NULL,1620749524601,1621592921908),('PR0133','simple',NULL,1620749566175,1621592972600),('PR0134','simple',NULL,1620749597791,1621592995691),('PR0135','simple',NULL,1620749638377,1621593021138),('PR0136','master',NULL,1620749666538,1621593180969),('PR0137','variant','PR0136',1620749716295,1620749716295),('PR0138','variant','PR0136',1620749727777,1620749727777),('PR0139','variant','PR0136',1620749737013,1620749737013),('PR0140','variant','PR0136',1620749745211,1620749745211),('PR0141','variant','PR0136',1620749753476,1620749753476),('PR0142','simple',NULL,1620749841877,1621593220765),('PR0143','simple',NULL,1620749870568,1621593238342),('PR0144','simple',NULL,1620749901601,1621593261534),('PR0145','simple',NULL,1620749933818,1621593288972),('PR0146','simple',NULL,1620749958188,1621593323600),('PR0147','simple',NULL,1620749992264,1621593364939),('PR0148','simple',NULL,1620750014372,1621593389769),('PR0149','simple',NULL,1620750094035,1621593417321),('PR0150','simple',NULL,1620750163670,1621593482557),('PR0151','master',NULL,1620750314533,1621593795104),('PR0152','variant','PR0151',1620750344258,1621593803652),('PR0153','variant','PR0151',1620750351602,1621593811264),('PR0154','variant','PR0151',1620750360398,1621593821146),('PR0155','variant','PR0151',1620750367944,1621593829987),('PR0156','master',NULL,1620750428145,1621593881235),('PR0157','variant','PR0156',1620750452207,1621593889032),('PR0158','variant','PR0156',1620750467970,1621593899662),('PR0159','variant','PR0156',1620750479336,1620750479336),('PR0160','master',NULL,1620750528310,1621593945035),('PR0161','variant','PR0160',1620750566978,1621593965628),('PR0162','variant','PR0160',1620750575412,1621593973478),('PR0163','variant','PR0160',1620750583825,1621593985335),('PR0164','master',NULL,1620750638404,1621594053541),('PR0165','variant','PR0164',1620750664689,1621594062575),('PR0166','variant','PR0164',1620750677376,1621594071354),('PR0167','simple',NULL,1620750724470,1621594648849),('PR0168','simple',NULL,1620750837018,1621594723058),('PR0169','simple',NULL,1620750901168,1621594795055),('PR0170','simple',NULL,1620750966691,1621594843868),('PR0171','master',NULL,1620751064797,1621594608146),('PR0172','variant','PR0171',1620751107822,1620751107822),('PR0173','variant','PR0171',1620751138889,1620751138889),('PR0174','variant','PR0171',1620751151471,1620751151471),('PR0175','variant','PR0171',1620751160256,1620751160256),('PR0178','master',NULL,1620751274480,1621594266197),('PR0179','variant','PR0178',1620751312967,1621594319760),('PR0180','variant','PR0178',1620751325030,1621594329873),('PR0181','variant','PR0178',1620751337966,1621594337180),('PR0182','variant','PR0178',1620751353803,1621594346722),('PR0183','master',NULL,1620751400800,1621594138881),('PR0184','variant','PR0183',1620751432111,1621594147642),('PR0185','variant','PR0183',1620751446756,1621594155907);
/*!40000 ALTER TABLE `product_entity` ENABLE KEYS */;
UNLOCK TABLES;

--
-- Table structure for table `product_tier_price`
--

DROP TABLE IF EXISTS `product_tier_price`;
/*!40101 SET @saved_cs_client     = @@character_set_client */;
/*!50503 SET character_set_client = utf8mb4 */;
CREATE TABLE `product_tier_price` (
  `entity_id` varchar(50) NOT NULL,
  `price` int NOT NULL,
  PRIMARY KEY (`entity_id`)
) ENGINE=InnoDB DEFAULT CHARSET=utf8mb4 COLLATE=utf8mb4_0900_ai_ci;
/*!40101 SET character_set_client = @saved_cs_client */;

--
-- Dumping data for table `product_tier_price`
--

LOCK TABLES `product_tier_price` WRITE;
/*!40000 ALTER TABLE `product_tier_price` DISABLE KEYS */;
/*!40000 ALTER TABLE `product_tier_price` ENABLE KEYS */;
UNLOCK TABLES;
/*!40103 SET TIME_ZONE=@OLD_TIME_ZONE */;

/*!40101 SET SQL_MODE=@OLD_SQL_MODE */;
/*!40014 SET FOREIGN_KEY_CHECKS=@OLD_FOREIGN_KEY_CHECKS */;
/*!40014 SET UNIQUE_CHECKS=@OLD_UNIQUE_CHECKS */;
/*!40101 SET CHARACTER_SET_CLIENT=@OLD_CHARACTER_SET_CLIENT */;
/*!40101 SET CHARACTER_SET_RESULTS=@OLD_CHARACTER_SET_RESULTS */;
/*!40101 SET COLLATION_CONNECTION=@OLD_COLLATION_CONNECTION */;
/*!40111 SET SQL_NOTES=@OLD_SQL_NOTES */;

-- Dump completed on 2021-05-31  0:09:35
